"","logFC","logCPM","F","PValue","FDR","Nhood","SpatialFDR","sub_celltype","sub_celltype_fraction","nh_size"
"1",-0.239435060403055,11.8404791107947,0.678929511984124,0.413209836137868,0.500595602088475,1,0.489672333066243,"Follicular B Cells",1,174
"2",-2.04942383138126,12.3467953044957,42.818347788372,1.47779484594328e-08,1.18519146644651e-07,2,1.21759189260283e-07,"Memory B Cells",1,259
"3",3.21759423831622,11.7889893684474,149.639885872892,3.1624832906258e-17,1.81165114220135e-15,3,2.14375022402862e-15,"Memory B Cells",1,153
"4",-2.32447617963887,12.1707096869405,44.7362195748736,8.38325158023952e-09,7.64019064471829e-08,4,7.83515094532318e-08,"Memory B Cells",1,228
"5",-1.09822167303514,12.2822902494381,16.3498528636495,0.000152089405650414,0.000462029179286485,5,0.000453913946605518,"Memory B Cells",0.983606557377049,244
"6",-1.01317176346425,11.1694541162334,7.0716413077241,0.011658395423658,0.0230296382506743,6,0.0224305777138138,"Memory B Cells",1,107
"7",-0.274832517909581,11.8229517640896,0.876057497187593,0.353025305247265,0.441006689732565,7,0.431343576607233,"Memory B Cells",0.97093023255814,172
"8",-1.55496669634022,12.0887903512259,24.7220542980527,5.82623514150947e-06,2.45928451762663e-05,8,2.4654511586075e-05,"Memory B Cells",0.995305164319249,213
"9",-0.450269782024796,11.5961285773237,1.70000042139229,0.197254264227956,0.266326464496331,9,0.260470230718166,"Memory B Cells",0.965753424657534,146
"10",1.04988557545138,10.6772520850634,7.24123595499049,0.00921051845404841,0.0185598889450925,10,0.0181006496775589,"Memory B Cells",0.708333333333333,72
"11",0.239648453771706,11.3996289775946,0.560332403944781,0.457042513478108,0.545458475906909,11,0.534548778782341,"Memory B Cells",0.848,125
"12",-1.714680673127,12.2254671759549,31.5877703767008,5.20121870867151e-07,2.67395987458625e-06,12,2.6882886579099e-06,"Memory B Cells",1,236
"13",-0.566698662580545,11.1112736137101,2.40837269427162,0.139192701641638,0.197230647909511,13,0.19338085171765,"Memory B Cells",0.980392156862745,102
"14",-2.15310144218139,12.1364528560127,39.6405113163394,3.87574011430497e-08,2.77530676042195e-07,14,2.84464598531422e-07,"Memory B Cells",1,222
"15",0.0978474262291669,11.7168747930049,0.111971627119125,0.739074207236921,0.796690207263455,15,0.794124067278186,"Follicular B Cells",1,158
"16",0.479305237684587,11.8375150028403,3.2829625195874,0.0749933958334221,0.117470123942196,16,0.115222038111265,"Memory B Cells",0.994152046783626,171
"17",-1.61021520547829,11.6666589255693,18.32611856852,6.79075801439744e-05,0.000227319142189661,17,0.000225226577523383,"Memory B Cells",0.980769230769231,156
"18",-0.637888812899129,11.6820290243266,3.95565114706547,0.0512671297300161,0.0853033984304417,18,0.0833253146603248,"Memory B Cells",0.82051282051282,156
"19",-1.51686574228428,10.8769795951518,10.3808793110098,0.00205642248219394,0.00479477242958044,19,0.00465820287306122,"Memory B Cells",1,86
"20",2.7987280171195,10.9205708524692,78.7431369466098,1.57305228810933e-12,2.86724530696292e-11,20,3.31518046361339e-11,"Naive B Cells",0.607142857142857,84
"21",-1.8852567198159,11.5194505618123,18.4734351413621,6.40084313128165e-05,0.000217520177596944,21,0.000215913607647344,"Memory B Cells",0.985714285714286,140
"22",1.34684056146067,11.7051440371204,26.2935148923248,3.29006189296568e-06,1.43403784682526e-05,22,1.44206820229974e-05,"Memory B Cells",0.993421052631579,152
"23",-1.56732519761117,11.2478708544589,16.1793956342664,0.000236748528562052,0.000682993956499158,23,0.000671011899030218,"Memory B Cells",1,114
"24",1.70347184916757,12.1144937753855,57.7262647065739,2.34462573309212e-10,2.93810912178106e-09,24,3.14961442061346e-09,"Memory B Cells",1,200
"25",0.20886226316787,10.6268669745253,0.221918425734913,0.639285559158283,0.706208014386974,25,0.703273840382206,"Memory B Cells",0.9,70
"26",0.0254462054293772,11.9235621430549,0.00835747907386433,0.927463143884337,0.95226034659216,26,0.951140298029456,"Memory B Cells",0.923913043478261,184
"27",-0.003320205717472,11.3160718942772,0.000110735933653273,0.991816655607525,0.994296197246544,27,0.99501242413516,"Memory B Cells",0.745762711864407,118
"28",-1.15998952354195,11.7567824005047,11.8708390595506,0.00104512699288933,0.00263582342231837,28,0.00258327806232666,"Memory B Cells",1,166
"29",0.311811050487675,11.5269242897417,0.828422294519804,0.3667552890254,0.455321581731225,29,0.445631340761496,"Memory B Cells",0.941605839416058,137
"30",-1.21874326068428,11.7230122246976,12.6016393490377,0.00075517177160064,0.00194117872058882,30,0.00190675523933369,"Memory B Cells",0.82716049382716,162
"31",-0.0475904719765881,11.3490206779884,0.0216659920023079,0.883471221529681,0.924988830195595,31,0.922270633674445,"Memory B Cells",0.818181818181818,121
"32",1.06417887420726,10.8656910147136,9.95502628804239,0.00250474805677761,0.00564271893689788,32,0.00550319728329009,"Naive B Cells",1,83
"33",-0.0121907161635763,11.7976585717746,0.00187406211927173,0.96561335537193,0.977805443192283,33,0.977099862024884,"Memory B Cells",0.952380952380952,168
"34",-0.317363881581989,11.5508262860163,0.879270162006933,0.352150407825443,0.441006689732565,34,0.431343576607233,"Memory B Cells",0.99290780141844,141
"35",2.03916560501476,11.7138438325004,62.6611414781968,6.69779884114947e-11,1.03567115272349e-09,35,1.15554509148161e-09,"Memory B Cells",1,150
"36",0.311446566623932,11.2514795626552,1.02105053576684,0.337265396993593,0.427985519602629,36,0.419087780772566,"Memory B Cells",0.651785714285714,112
"37",0.00452992327815994,10.9962154090443,0.000146015022220791,0.99040318935728,0.994296197246544,37,0.99501242413516,"Memory B Cells",0.989247311827957,93
"38",1.18607628812971,10.8836585500695,12.6161236732789,0.000750357063400323,0.00194117872058882,38,0.00190675523933369,"Activated B Cells",1,84
"39",-1.00419265326317,10.7859546941459,4.31398595550786,0.042549350816187,0.0729157678516708,39,0.0712924261133761,"Memory B Cells",0.9125,80
"40",0.600711178838799,11.1060132164866,3.43636931418652,0.0690712348014728,0.109910972839278,40,0.10757846491634,"Memory B Cells",0.99,100
"41",0.8779737537149,11.416286518723,8.22887364203032,0.0056784914515389,0.0119218590160581,41,0.0115987453210435,"Memory B Cells",1,125
"42",-1.00498615976612,11.9786259116559,10.8163306694051,0.00168385281415428,0.00399541407382169,42,0.00389194408598574,"Memory B Cells",0.984615384615385,195
"43",2.06056731632998,10.8547503890004,39.303945001765,4.30054962730682e-08,2.97331103543109e-07,43,3.07601048888466e-07,"Activated B Cells",1,81
"44",-2.12608223907005,11.8691135462708,30.5429811940178,7.41564003142508e-07,3.67119957111291e-06,44,3.65928862235881e-06,"Memory B Cells",0.95054945054945,182
"45",-1.01352951818549,11.9849872554525,11.3876401023298,0.00129883728251099,0.00319529908151478,45,0.00312266863246279,"Memory B Cells",1,196
"46",-0.718297919488767,10.8208246610573,2.48649485415918,0.120640976926205,0.175916479081484,46,0.171885798266378,"Memory B Cells",0.98780487804878,82
"47",1.42166431026677,10.7557810948772,15.8061772285785,0.000190703409753147,0.00056229461258097,47,0.000552805277630196,"Naive B Cells",1,76
"48",0.395567140759018,11.2414369821786,1.58159426309212,0.217017110903539,0.289115818844914,48,0.283135466933589,"Activated B Cells",0.990990990990991,111
"49",-2.5220758230041,11.7428183884096,35.1960488827988,1.57850370765754e-07,9.3085292172158e-07,49,9.53247431890204e-07,"Memory B Cells",0.993975903614458,166
"50",-2.40906264121701,12.2450958290876,50.3342387435192,1.70139115460245e-09,1.74937911024508e-08,50,1.81418985971213e-08,"Memory B Cells",1,241
"51",-4.25126784298385,11.669526207758,55.1039104071267,4.66513724037508e-10,5.5021177452659e-09,51,5.77673284817197e-09,"Memory B Cells",1,158
"52",-0.56466797495981,11.4252772702131,2.50625315603944,0.118637793643773,0.174262839747813,52,0.170286688505117,"Memory B Cells",0.914728682170543,129
"53",1.95752397940665,11.2203354616403,52.798828281524,8.6570007350845e-10,9.64293692991357e-09,53,1.0112549527163e-08,"Activated B Cells",1,106
"54",0.00654160031762766,11.4163085492491,0.000382598556339387,0.98445899126155,0.99209341783265,54,0.992806262430179,"Follicular B Cells",1,127
"55",0.693437820522305,11.3092815323382,5.5145707070919,0.022539269649577,0.0411041981830145,55,0.0400746497172674,"Naive B Cells",0.982758620689655,116
"56",2.99928923367976,10.9574957380918,94.4422894120216,6.05880772406868e-14,1.34976772075086e-12,56,1.52998349961984e-12,"Memory B Cells",0.918604651162791,86
"57",-1.15104402891625,11.7486887975333,11.8007702758497,0.00107845461030221,0.0027028768670699,57,0.00264718753870403,"Memory B Cells",0.975757575757576,165
"58",-0.594792003323002,11.7086600270739,3.51022263481936,0.0658500620817284,0.106047690340454,58,0.103799765555121,"Memory B Cells",1,159
"59",1.13150650638377,11.1178878174063,14.1427297840421,0.000385925802530453,0.00104565031631562,59,0.00102706024644759,"Naive B Cells",0.73,100
"60",-2.49393356697469,11.89492665665,39.0977024497142,4.5844033569647e-08,3.11584024769974e-07,60,3.20587429553175e-07,"Memory B Cells",1,186
"61",-0.903246165193541,11.6239783659479,6.38645673346309,0.0141450824088942,0.0270974049188028,61,0.0263162122540939,"Memory B Cells",0.993333333333333,150
"62",0.459109705509475,11.0477727734787,1.91704716595875,0.181562658551604,0.248486778427281,62,0.243069020136697,"Memory B Cells",1,96
"63",-0.826422542087728,11.4832997986216,4.85404526825785,0.0314211381363841,0.0550212942912228,63,0.0538129754306591,"Memory B Cells",0.725925925925926,135
"64",0.629739691058597,10.934860542431,3.42985259601484,0.0728807874142961,0.114608610796599,64,0.112508356552593,"Naive B Cells",0.988636363636364,88
"65",1.69144952557494,11.2388758948088,39.3764243613035,4.20516615989231e-08,2.9583712809067e-07,65,3.04972467826169e-07,"Naive B Cells",1,108
"66",0.177742907175877,11.883814711441,0.414936584998895,0.521922525989854,0.608264112064962,66,0.601062552871826,"Follicular B Cells",1,178
"67",-1.19835408680759,11.7886411709628,12.7964034499293,0.000693035893870926,0.00181638819243295,67,0.00178372421888144,"Memory B Cells",0.988235294117647,170
"68",-2.68887499250589,12.2253246228384,56.09163825982,3.5934058539802e-10,4.36653256801837e-09,68,4.63455576459038e-09,"Memory B Cells",1,238
"69",0.549180576138091,11.4816423380755,3.08545284634085,0.0840832650128254,0.129185399502464,69,0.126362025762308,"Memory B Cells",0.93939393939394,132
"70",-1.74856172789972,11.2457474318388,17.6067510698215,9.08132554542202e-05,0.000296065979163758,70,0.000291618949578709,"Memory B Cells",1,114
"71",1.59472796962077,11.9642566974758,46.8338663835033,4.56527420807854e-09,4.46506087180364e-08,71,4.6508674907568e-08,"Memory B Cells",0.988950276243094,181
"72",2.48022969946182,11.3746854759834,81.2425946858435,9.14079824429105e-13,1.79778948743841e-11,72,2.07927542510196e-11,"Naive B Cells",1,117
"73",1.95970809692403,11.2467934925195,51.8091050124468,1.13344232444136e-09,1.22840641108374e-08,73,1.2790519418754e-08,"Memory B Cells",0.981481481481482,108
"74",-3.56835538784677,11.0528831334989,34.836864880223,1.77356735823644e-07,1.0307253777577e-06,74,1.05046284964556e-06,"Memory B Cells",1,99
"75",1.14894134329376,11.1451725374443,14.9437742485692,0.000274167884065368,0.000774234658522623,75,0.000759499150121192,"Memory B Cells",0.990196078431373,102
"76",-1.85054935959487,11.6293463123487,21.4174777991874,2.01599709815059e-05,7.77321958036911e-05,76,7.70597187983176e-05,"Memory B Cells",0.986842105263158,152
"77",-1.86496462874667,11.5007155110109,17.5030881907787,9.4722721378627e-05,0.00030632105865185,77,0.000301086585480194,"Memory B Cells",1,138
"78",0.180100030432286,11.3429317994774,0.326445701056138,0.569887648089759,0.645550697412411,78,0.640890695123054,"Naive B Cells",0.916666666666667,120
"79",0.136834965024935,11.4714832887922,0.175068071277152,0.677136053019756,0.735857878755887,79,0.732767337168314,"Naive B Cells",0.568181818181818,132
"80",0.466819959514688,11.1940395386985,2.30962889208456,0.149572728385031,0.209715608679712,80,0.205758120345383,"Naive B Cells",0.85981308411215,107
"81",-1.79792349342879,11.8278187402387,24.3065663346126,6.78986481969605e-06,2.80694411618362e-05,81,2.81158070819366e-05,"Memory B Cells",0.988636363636364,176
"82",0.671388140155384,11.4748807443956,4.65595493750104,0.034947835971661,0.060667022617472,82,0.0593468720461746,"Activated B Cells",0.99236641221374,131
"83",-0.386987380101408,11.140442564683,1.08412001485336,0.302395592084361,0.387414161104884,83,0.378957632109753,"Memory B Cells",0.846153846153846,104
"84",-1.05165499483057,12.1355830421967,12.7217421203221,0.000716200996921781,0.00186491298549113,84,0.00182873714077451,"Memory B Cells",0.990867579908676,219
"85",-2.4765675199881,11.7018013414119,33.6846670097859,2.58559111494833e-07,1.42030416040312e-06,85,1.4410122710844e-06,"Memory B Cells",1,161
"86",0.459137925349875,11.338101079406,2.29600849160217,0.136317430688248,0.194531280092482,86,0.190224324054257,"Memory B Cells",0.579831932773109,119
"87",0.182671509692475,11.5725079010876,0.327589382849485,0.569214470070577,0.645550697412411,87,0.640890695123054,"Follicular B Cells",1,142
"88",-0.949967951109263,11.118887000342,5.81967906513179,0.0189129266167207,0.0349496938861982,88,0.0340307619914508,"Memory B Cells",1,103
"89",0.961639344479441,11.0158346015972,9.44729790700035,0.00356865137682412,0.00781983170549986,89,0.00763457363490422,"Memory B Cells",1,93
"90",-4.29235801351219,10.8524958232321,32.0909689437761,4.39124203886225e-07,2.31695797050495e-06,90,2.33213203258767e-06,"Memory B Cells",1,85
"91",0.0396327946553353,11.3403874808856,0.014702153982538,0.903895113421395,0.939020571196837,91,0.937397184100783,"Naive B Cells",0.516666666666667,120
"92",-0.917619596554601,11.7771748375897,8.23694994543208,0.00565635421684699,0.0119218590160581,92,0.0115987453210435,"Memory B Cells",0.904761904761905,168
"93",1.34107271371017,11.8209212254273,28.8476114846236,1.33121981074074e-06,5.93132382341152e-06,93,5.99041917149343e-06,"Naive B Cells",0.96969696969697,165
"94",1.43008832819534,11.5096559659954,23.9408405809125,7.77456078614531e-06,3.18122334208599e-05,94,3.19578207883021e-05,"Naive B Cells",1,132
"95",-1.7212665410915,11.2225574037085,17.0870823409491,0.000112255800728028,0.000357258540412217,95,0.000350523210123156,"Memory B Cells",0.991071428571429,112
"96",0.65102768286287,11.1198272724596,4.28395177860389,0.0464312585141901,0.078560905756077,96,0.076679280515417,"Naive B Cells",0.663366336633663,101
"97",1.15870075163187,11.0630735078311,14.2053385570709,0.000375686174414339,0.00102483099279013,97,0.00100554439060974,"Activated B Cells",1,96
"98",0.576153338786644,11.6771444465861,4.31430390322936,0.0420703927477358,0.072404409836232,98,0.0707553927870304,"Memory B Cells",0.796052631578947,152
"99",-0.745083532779814,11.3372430771395,4.42492151989022,0.0397214104898716,0.0686564034760281,99,0.0671342048381107,"Memory B Cells",0.826446280991736,121
"100",2.82427776004125,11.1494810210234,95.1221717357256,5.30254271808818e-14,1.25077625291374e-12,100,1.42860871248407e-12,"Naive B Cells",1,99
"101",0.67790281233154,11.2364537015427,5.47714904502104,0.0300903222240062,0.0533701546242113,101,0.0522300208559999,"Naive B Cells",0.954545454545455,110
"102",-2.19722536703474,11.4573973574241,21.82991312424,1.72135042550664e-05,6.70156816143849e-05,102,6.6576424314141e-05,"Memory B Cells",0.985074626865672,134
"103",-1.40483976372241,11.4942036630575,11.2288613429436,0.00139560605949779,0.003412427011333,103,0.00332932242679155,"Memory B Cells",1,137
"104",-0.516260734682613,11.0722629764934,1.99926607313896,0.18097601909865,0.248486778427281,104,0.243069020136697,"Memory B Cells",0.96969696969697,99
"105",-1.15104533600459,11.4877745840317,8.67013440841671,0.00459226694286125,0.00990053249509334,105,0.00963841870517773,"Memory B Cells",0.860294117647059,136
"106",0.183539115725103,11.1239312899104,0.277525304719294,0.600475288293144,0.670725879124096,106,0.666995752532861,"Naive B Cells",0.88235294117647,102
"107",0.176253301422261,11.0702169327298,0.271420391150903,0.614893960747302,0.683026255566948,107,0.679900809944123,"Activated B Cells",1,98
"108",-0.566873844563455,11.1114205796638,2.39977536370653,0.139192701641874,0.197230647909511,108,0.19338085171765,"Follicular B Cells",1,102
"109",-0.731586953312092,11.7563994266045,5.46306366321044,0.0227674783862927,0.0413111259407393,109,0.0402441256843957,"Memory B Cells",0.945454545454545,165
"110",-1.14143790479283,10.895654827898,6.44408327520881,0.0137372743399742,0.0264838798573542,110,0.0257045559316945,"Memory B Cells",0.988505747126437,87
"111",1.63128061232198,11.0890964201196,30.0130592994932,8.89232619136154e-07,4.24502714611426e-06,111,4.2341188736545e-06,"Memory B Cells",1,97
"112",-2.81547654445415,11.5597043343108,31.2398561781329,5.8504630450171e-07,2.96966541905298e-06,112,2.97875050990543e-06,"Memory B Cells",0.993103448275862,145
"113",1.66249083251838,10.6322086517659,18.6288364773595,6.01462054855881e-05,0.000206142123074537,113,0.000204930632381474,"Follicular B Cells",0.376811594202899,69
"114",-0.352768269965413,10.9486099911977,0.802080152855353,0.374041115921445,0.46293360334722,114,0.452976336884394,"Memory B Cells",0.944444444444444,90
"115",-0.255756053610862,10.8744351364621,0.413528630521091,0.52480725560478,0.608264112064962,115,0.601062552871826,"Naive B Cells",0.858823529411765,85
"116",0.437868456057533,11.0608237622824,1.8031094214844,0.200212635361939,0.269413646913213,116,0.26377793067606,"Naive B Cells",0.958762886597938,97
"117",1.53468539363367,11.5552617728082,29.0214589073806,1.25300437748142e-06,5.70971312920511e-06,117,5.74361951190727e-06,"Naive B Cells",0.985294117647059,136
"118",-1.38556354720092,11.3613723270744,12.4949857769074,0.000791630075447459,0.00202193414174797,118,0.00198529533780835,"Memory B Cells",0.846774193548387,124
"119",-2.337507646945,12.1819553400234,43.8392365464263,1.09136031800015e-08,9.7252330559569e-08,119,9.90567316077649e-08,"Memory B Cells",1,230
"120",0.377974222951362,11.4777418375064,1.34929760407287,0.249988207582254,0.327598925622496,120,0.321132739503624,"Naive B Cells",0.863636363636364,132
"121",-2.51586409023151,11.5338129808701,26.3036386574511,3.27809423457502e-06,1.43403784682526e-05,121,1.44206820229974e-05,"Memory B Cells",0.992957746478873,142
"122",0.69957486323593,10.8903513080523,4.0328299211495,0.0491182645199622,0.0827580843382557,122,0.080929596689406,"Naive B Cells",1,85
"123",-1.31771058879582,11.1784631311896,11.382729243541,0.00170550777229297,0.00402299186287931,123,0.00391687226128389,"Memory B Cells",0.787037037037037,108
"124",0.446670075085253,11.2554654071167,2.24686596782429,0.159688181923649,0.222343614414526,124,0.218196179750965,"Activated B Cells",1,112
"125",0.150481164318006,11.5525652442568,0.2145754435638,0.644875790735946,0.708479978315382,125,0.705817083804485,"Memory B Cells",0.935714285714286,140
"126",0.527371853201633,11.4177329837821,2.92769353537959,0.0922230720675467,0.140613885547856,126,0.137796200287528,"Activated B Cells",1,126
"127",2.82413208809917,11.6848180592163,122.29945089683,3.96922181487416e-16,1.76850883084949e-14,127,2.02601274206609e-14,"Naive B Cells",0.951388888888889,144
"128",-3.12037690853672,11.1678256974227,34.3392179617587,2.08590716372511e-07,1.17809686289263e-06,128,1.19750886298989e-06,"Memory B Cells",1,108
"129",0.252195550166287,10.7512221555921,0.397081066881072,0.53098647523351,0.61017496789796,129,0.603793828144007,"Naive B Cells",0.519480519480519,77
"130",-0.447265739875829,11.4688161620263,1.59832612467877,0.211016120456735,0.282058214343836,130,0.275986252298143,"Memory B Cells",0.909774436090226,133
"131",1.28162873000589,11.428590702143,19.0635063305797,5.05752594647775e-05,0.000179475035799786,131,0.000177575597765881,"Memory B Cells",0.976,125
"132",1.92338980932774,11.7470171615944,59.1917813959474,1.60718628517208e-10,2.22235069087587e-09,132,2.44239259285899e-09,"Memory B Cells",0.987012987012987,154
"133",0.854195661269315,10.8456671180027,5.84411980356758,0.0186755036802564,0.0346707267397352,133,0.0337902271941084,"Memory B Cells",0.695121951219512,82
"134",2.88231835608787,11.0635146127523,96.4822923101142,4.06833562116577e-14,1.08760172272498e-12,134,1.18930005496409e-12,"Memory B Cells",0.67741935483871,93
"135",-2.17294125817049,11.7693928781945,30.2193018235676,8.28440599365241e-07,4.00246602825858e-06,135,3.99782621791708e-06,"Memory B Cells",0.994082840236686,169
"136",2.22186291936565,10.7544693017168,41.1682979832101,2.42837323413903e-08,1.83731635262217e-07,136,1.91109592198582e-07,"Activated B Cells",0.986666666666667,75
"137",-0.77159914227772,11.3586802819471,4.72463028344371,0.033679306422365,0.058719138588558,137,0.0574234847926637,"Memory B Cells",0.642276422764228,123
"138",-0.967724106915095,11.4302987615376,6.6639265017612,0.0122921636209902,0.0240446712781321,138,0.0233706393848557,"Memory B Cells",0.923076923076923,130
"139",-3.18680869241903,11.2271385007194,38.1865035562507,6.09057118085517e-08,3.93922426374665e-07,139,4.0233414250658e-07,"Memory B Cells",0.964601769911504,113
"140",-2.3676947396701,11.6064710433148,25.2490299459059,5.81766431221045e-06,2.45928451762663e-05,140,2.4654511586075e-05,"Memory B Cells",0.986666666666667,150
"141",-1.39268573683138,11.10135853443,10.163540365701,0.00234231581698393,0.00533675365119633,141,0.00518853695440355,"Memory B Cells",1,102
"142",-0.9485977975569,11.6593803701231,7.46655693943824,0.00823935396512038,0.0168570456123126,142,0.0164056744010225,"Memory B Cells",0.993506493506494,154
"143",1.76141949647175,11.8988168876182,53.0707606445982,8.04263338825427e-10,9.21455996768561e-09,143,9.60730524497207e-09,"Memory B Cells",0.965116279069767,172
"144",-0.392346463628957,11.9569951680367,1.9216195452986,0.170793909172534,0.236166750269607,144,0.231423758769603,"Memory B Cells",0.973684210526316,190
"145",-0.212566541895603,11.0079212600615,0.344347525559026,0.575617632522444,0.650204706032394,145,0.645423636624531,"Memory B Cells",0.904255319148936,94
"146",-1.13514130269099,11.8121468070597,10.4789508012921,0.00206110799789156,0.00479477242958044,146,0.00465820287306122,"Memory B Cells",0.861271676300578,173
"147",-1.05514267235098,11.3101925905895,8.31481808293669,0.00592135874997851,0.0123670044726114,147,0.0120281332884827,"Memory B Cells",1,119
"148",-0.521740135911277,11.5270604084036,2.18655609300686,0.144436603569388,0.203224835197631,148,0.199256686782071,"Memory B Cells",0.669064748201439,139
"149",-0.605040288680992,11.5921526570241,3.11457089986249,0.0826697739969111,0.127502228356774,149,0.124807219562367,"Memory B Cells",0.931506849315068,146
"150",-1.63653301713028,11.1513706614564,14.6904022110695,0.000305327685805649,0.000850252791722676,150,0.00083304494950012,"Memory B Cells",0.990566037735849,106
"151",-1.74935885800905,11.2466600450302,18.6682412334538,6.94059062345872e-05,0.000230014614876607,151,0.000227491528190857,"Memory B Cells",1,114
"152",-0.636960502995544,11.7417894045349,4.15549097299671,0.0459012855297246,0.0779932860060151,152,0.0760921068493937,"Memory B Cells",0.969325153374233,163
"153",0.85896892205242,10.8933313994986,6.38012563296715,0.0141906609300464,0.0270974049188028,153,0.0263374164028359,"Naive B Cells",1,85
"154",-0.698309070948347,10.8057636966933,2.66205223042518,0.1109616300995,0.163586814962866,154,0.159914672332603,"Memory B Cells",0.962962962962963,81
"155",-0.0206984557249735,11.5378311354954,0.00400333341601521,0.949759717375686,0.969093248518194,155,0.968445335657124,"Memory B Cells",0.949640287769784,139
"156",2.25629159827966,10.7728375133276,43.1724213268011,1.32984543886008e-08,1.13210020408073e-07,156,1.17047679898259e-07,"Activated B Cells",0.960526315789474,76
"157",0.188721725418552,11.387449242161,0.353929038098573,0.554128175690461,0.633063813253205,157,0.6264440720584,"Memory B Cells",1,124
"158",-1.87773268046105,11.3567495087702,19.5677094125415,4.14220044347151e-05,0.000149641655660547,158,0.000148424571641031,"Memory B Cells",1,124
"159",2.65869964683625,11.5749842325898,91.1418234688989,1.16735527039201e-13,2.46373401803787e-12,159,2.76758382398288e-12,"Memory B Cells",0.985074626865672,134
"160",3.85982467060337,11.0531144884326,155.561436604533,2.48692138508619e-18,2.4931386885489e-16,160,3.69871603162288e-16,"Naive B Cells",0.703296703296703,91
"161",0.0800668864930156,11.1989665335609,0.0605940490918144,0.813526101991686,0.860749253030782,161,0.858001847077664,"Memory B Cells",1,108
"162",-0.40318831243679,11.1523024884358,1.31418756568225,0.273433052176895,0.354843540203673,162,0.347315910388804,"Memory B Cells",1,105
"163",1.9352666161146,11.3814029391788,48.6144630112783,2.75180182081957e-09,2.75868132537162e-08,163,2.8847223287894e-08,"Naive B Cells",1,119
"164",0.0320951645486302,11.2335707871227,0.00916605061332345,0.928513205779388,0.95226034659216,164,0.951140298029456,"Memory B Cells",0.864864864864865,111
"165",0.1189027531083,11.2835373845494,0.143554005161674,0.719050743436906,0.77719500840485,165,0.773187282529298,"Memory B Cells",0.643478260869565,115
"166",2.09173196555963,10.9047352358047,43.109102896089,1.35513241386222e-08,1.13210020408073e-07,166,1.17310162985362e-07,"Activated B Cells",0.964285714285714,84
"167",1.48538102534127,11.0996568507764,24.4229593210199,6.50433513617773e-06,2.71691498917424e-05,167,2.72685622350823e-05,"Memory B Cells",0.989795918367347,98
"168",-0.246988338104634,10.7786754300465,0.361610930383926,0.551127970021419,0.631435188510255,168,0.624976993470331,"Memory B Cells",0.987341772151899,79
"169",-0.656781813445044,10.7733881894324,2.22816450122124,0.140739966265643,0.198720867860997,169,0.194865763703205,"Memory B Cells",0.772151898734177,79
"170",-2.8094266392458,11.2631348776999,33.3283444267778,2.90819983147357e-07,1.57592990867689e-06,170,1.5940819516632e-06,"Memory B Cells",1,116
"171",1.70150687172708,11.2889129555334,38.8405106618809,4.9657470558898e-08,3.31877428235302e-07,171,3.40198334547159e-07,"Memory B Cells",0.892857142857143,112
"172",-0.185126424625931,11.5047687099915,0.291277719555779,0.591394712722038,0.664283696923074,172,0.660602678344717,"Follicular B Cells",1,136
"173",3.79500504365769,11.3863844173387,165.898972972256,6.03206050482065e-19,8.06285420811027e-17,173,1.23231487532443e-16,"Naive B Cells",0.991304347826087,115
"174",-0.105243416849643,11.1445481636716,0.0862130514735056,0.770168172369106,0.823566498986698,174,0.821390895464364,"Naive B Cells",0.567307692307692,104
"175",-1.49628002995649,11.5699180263637,14.2100869124583,0.000374921201059135,0.00102483099279013,175,0.00100554439060974,"Memory B Cells",0.972413793103448,145
"176",-1.32947932460627,11.0493134135199,9.82856197215706,0.00265673341932758,0.00595167654273945,176,0.00580444612532802,"Memory B Cells",0.989795918367347,98
"177",-0.167231594641011,11.0505759359627,0.226208186691975,0.652539924817336,0.714941283747956,177,0.712170291949449,"Memory B Cells",0.618556701030928,97
"178",0.336778628167225,10.9594858864374,0.923052133804309,0.349107475217685,0.440081890640701,178,0.431077849288875,"Activated B Cells",0.533333333333333,90
"179",-0.213706434877492,11.5817359903968,0.40913597517263,0.52483636602114,0.608264112064962,179,0.601062552871826,"Memory B Cells",0.875,144
"180",1.78409898271826,10.6151766604092,20.7434117113807,2.61516615075547e-05,9.71001505974949e-05,180,9.66137713850459e-05,"Activated B Cells",1,68
"181",-0.35451882774934,11.0337849788999,0.935733941794622,0.355021056257665,0.442122495525849,181,0.432740064724456,"Activated B Cells",1,96
"182",0.0747323950565092,11.2593365129779,0.0586082184506887,0.820968208472093,0.866337504203446,182,0.863938912605405,"Activated B Cells",1,113
"183",-0.435292615623621,11.1768549159684,1.58434780325116,0.234778327468218,0.309691149061696,183,0.303288745751631,"Memory B Cells",1,107
"184",2.68246402928163,10.5517684421436,43.5455477945848,1.19042144281525e-08,1.03773695341068e-07,184,1.06390106126757e-07,"Activated B Cells",0.984375,64
"185",2.17522879403289,10.8064814037642,42.0088987057855,1.88352468446431e-08,1.48096744798076e-07,185,1.52647863081379e-07,"Activated B Cells",1,78
"186",0.0570664839090893,11.5299153946448,0.0301247456713723,0.862790083475566,0.908080901505779,186,0.904845308061765,"Memory B Cells",0.891304347826087,138
"187",-0.353020956508579,10.7605759174202,0.704673822905564,0.404540644362698,0.491578176937702,187,0.479770450722715,"Memory B Cells",0.974358974358974,78
"188",0.0213048831552754,11.0536911521212,0.00386020638580719,0.952971865929585,0.969902838166913,188,0.969649612834412,"Activated B Cells",1,97
"189",-3.35006578625742,12.0398628219271,58.3712797869378,1.98441155183946e-10,2.56693236221814e-09,189,2.76462926694961e-09,"Memory B Cells",1,208
"190",1.93348444436114,11.2592749686116,46.896584489447,7.11715401013485e-09,6.78833719552136e-08,190,7.02245617762097e-08,"Memory B Cells",1,109
"191",-0.672911155436877,10.8997183123267,2.75828839277804,0.110198822573229,0.163061726390645,191,0.159490759459664,"Memory B Cells",1,87
"192",-1.94987937666926,11.5747021138335,21.0496832505768,2.32283588340864e-05,8.87102084997012e-05,192,8.78509739841649e-05,"Memory B Cells",0.993150684931507,146
"193",0.76335201796976,11.3798658409586,6.63016583250726,0.012503205733315,0.0243387645585403,193,0.023637029228325,"Memory B Cells",1,122
"194",1.74217450607517,11.3984719986864,35.0915699997906,2.00536586030569e-07,1.14878815711798e-06,194,1.17315484302461e-06,"Activated B Cells",0.983471074380165,121
"195",-0.216045966441157,11.4739743357141,0.397843824039315,0.530593477307328,0.61017496789796,195,0.603793828144007,"Memory B Cells",1,133
"196",3.83480512778932,11.1720241594488,171.553067507319,2.8567547730335e-19,5.72779331993218e-17,196,8.79174197369144e-17,"Naive B Cells",0.97979797979798,99
"197",1.02496559545314,11.5170269032464,11.3894824508398,0.00129775645620471,0.00319529908151478,197,0.00312266863246279,"Activated B Cells",0.977611940298508,134
"198",-0.96668159203047,11.1318938939193,6.20434524257835,0.0167780664785678,0.0315868763281958,198,0.0308045509250472,"Memory B Cells",0.990384615384615,104
"199",-0.867652751212351,11.7365937768815,7.09187566766882,0.00992023849972909,0.0197911225790615,199,0.0192945793612427,"Memory B Cells",0.987730061349693,163
"200",-0.336063776962835,11.019820879246,0.835536543659972,0.381321603565053,0.470492193937189,200,0.46018047853938,"Memory B Cells",0.989473684210526,95
"201",1.32370664620158,10.7184285777359,12.8486628082807,0.000677286615991956,0.00178678903297878,201,0.00175565802338874,"Memory B Cells",0.878378378378378,74
"202",1.12156575083898,11.5196765421025,14.3107602668048,0.00035907806252735,0.000993036572920464,202,0.000972967392077816,"Memory B Cells",1,134
"203",1.66893942903331,10.8290407808188,24.8790830036303,5.49996191465648e-06,2.37148895459919e-05,203,2.38828522175793e-05,"Naive B Cells",0.475,80
"204",-0.337368321301764,11.1781191564478,0.98293386420133,0.35009008257951,0.440081890640701,204,0.431077849288875,"Memory B Cells",0.654205607476635,107
"205",2.37866553392426,10.9902464621552,63.0047507349939,6.15015566419614e-11,1.02758850889277e-09,205,1.15554509148161e-09,"Memory B Cells",0.97752808988764,89
"206",-0.926370938270932,11.641291375539,7.29877004776795,0.00895159314140431,0.0181292366146623,206,0.0176531304563195,"Memory B Cells",0.960526315789474,152
"207",2.31261649010709,10.9888915116883,59.2435307309337,1.58603554395272e-10,2.22235069087587e-09,207,2.44239259285899e-09,"Memory B Cells",0.98876404494382,89
"208",-1.37676907231502,11.8555656346803,16.6811159434518,0.000132631387668277,0.000409116818884456,208,0.000402806739844846,"Memory B Cells",0.994413407821229,179
"209",0.904435658458955,10.762578477616,6.19873924642926,0.015564807198262,0.0294409796533163,209,0.0287480682294597,"Activated B Cells",0.987012987012987,77
"210",-0.60584379118662,11.655751059656,3.45570922867414,0.0679259427707527,0.108953212204287,210,0.106543975849876,"Memory B Cells",0.862745098039216,153
"211",0.937579703755669,10.9863660167122,8.34425475057083,0.00537067953947464,0.0113949338377213,211,0.011107708791313,"Memory B Cells",0.835164835164835,91
"212",-0.797515236051462,10.8834690192176,3.65990499212493,0.0649575392271979,0.105032150121397,212,0.10284973872704,"Memory B Cells",0.988372093023256,86
"213",-1.63139907293187,11.5685019477766,16.1921132469392,0.000162375031038074,0.000489566822904269,213,0.000479882153275568,"Memory B Cells",1,145
"214",-1.89729184315141,11.1981126757148,19.6537435695137,4.00405348022961e-05,0.000145965949597461,214,0.000144951351180446,"Memory B Cells",0.754545454545455,110
"215",-0.283469146551163,11.3445474289413,0.730336955735335,0.400052021062342,0.489087989164632,215,0.477852111681991,"Memory B Cells",0.983471074380165,121
"216",-2.16395267969596,11.4281043507726,22.9375308925676,1.13112190177657e-05,4.54084812043935e-05,216,4.54644053938609e-05,"Memory B Cells",0.961832061068702,131
"217",-0.379302893079697,11.4178454052239,1.14419548816905,0.289039925335348,0.372684919805384,217,0.364591642619042,"Memory B Cells",0.7421875,128
"218",0.7789833313412,10.8911474729554,4.98560366622002,0.0292910380447197,0.0522031389152561,218,0.0510711457336864,"Naive B Cells",0.952941176470588,85
"219",-0.810127094365316,11.3027298869265,5.1573965225859,0.0288313515378719,0.0516132677084225,219,0.0503971974547026,"Follicular B Cells",1,118
"220",-1.12166337608895,10.880236351525,6.56027886693082,0.0137214158925825,0.0264838798573542,220,0.0257045559316945,"Activated B Cells",0.511627906976744,86
"221",-0.115220432467566,10.9368690357115,0.0966006884708867,0.763248744550239,0.818349589745042,221,0.816330834125576,"Memory B Cells",0.943820224719101,89
"222",-1.86536778967004,11.3463673011421,19.5245685278545,4.21332444189544e-05,0.000150852062607149,222,0.000149420913689215,"Memory B Cells",0.959349593495935,123
"223",-1.31319784625103,11.415687466605,10.8723569493037,0.00164130988420644,0.00391765037837371,223,0.00382100300464378,"Memory B Cells",0.945736434108527,129
"224",0.801956589522284,11.2394362528878,7.83781971076827,0.00929099871159988,0.0186284524167578,224,0.0181778996707415,"Activated B Cells",0.990909090909091,110
"225",1.06289948038672,11.694055118254,15.9379963697577,0.000180490975335363,0.000540125978428959,225,0.000529282068469439,"Memory B Cells",1,152
"226",3.36822196496204,11.218539462017,140.143310604245,2.34845266872836e-17,1.56954920026679e-15,226,1.97779665837666e-15,"Memory B Cells",0.922330097087379,103
"227",2.47969202293699,10.8973568789847,62.4990834192815,6.97334691359956e-11,1.03567115272349e-09,227,1.15554509148161e-09,"Memory B Cells",0.831325301204819,83
"228",1.50201144909086,11.3078871447988,29.4736868010259,1.071041870365e-06,4.99404406995773e-06,228,4.9845491244399e-06,"Memory B Cells",0.929824561403509,114
"229",0.573192415876921,11.305585368136,3.59279921442033,0.0635612800375822,0.103190580141986,229,0.10100522371349,"Memory B Cells",0.767241379310345,116
"230",-0.165773906012965,11.0491114421965,0.184423325385926,0.669299884627234,0.729318624281306,230,0.726302151480618,"Memory B Cells",0.917525773195876,97
"231",0.30423797083429,11.4439696385854,0.917158499576356,0.342054491673592,0.432693536785838,231,0.423657479234435,"Naive B Cells",0.713178294573643,129
"232",2.76480285575849,11.673297580153,111.524822065736,2.51437984526113e-15,8.40221931624761e-14,232,9.18940256890464e-14,"Memory B Cells",1,143
"233",-0.372088579497374,11.0472975161246,1.05758135173554,0.330079007344908,0.421534018934103,233,0.412658642107436,"Naive B Cells",0.824742268041237,97
"234",1.91998113947518,11.6106081090951,50.6442257603957,1.56144041163241e-09,1.64773053964368e-08,234,1.72889329976204e-08,"Naive B Cells",0.992857142857143,140
"235",-0.170993906600085,11.1935271726029,0.269648913130462,0.627557844200267,0.695167667194219,235,0.692017314690167,"Memory B Cells",0.907407407407407,108
"236",-0.0340250395407707,11.2811723147677,0.0113675406631201,0.91986540671029,0.95226034659216,236,0.951140298029456,"Memory B Cells",0.921739130434783,115
"237",-1.69712307825402,11.7409191676271,20.7980418040042,2.56035505916807e-05,9.68201749248748e-05,237,9.56599282997706e-05,"Memory B Cells",1,165
"238",0.541179230089763,11.1441934103202,2.8362097013506,0.0981518286437513,0.14796572663964,238,0.145085322366697,"Activated B Cells",1,103
"239",0.00655178323521307,11.5674311261562,0.000372554050610348,0.984671272562082,0.99209341783265,239,0.992806262430179,"Memory B Cells",0.964788732394366,142
"240",-0.445984522515834,11.0190589497021,1.39122934710909,0.25224750843094,0.329482901891879,240,0.322777542964536,"Memory B Cells",1,95
"241",-0.558391353767502,10.915957803217,1.98163230515894,0.174886398650654,0.240994659308977,241,0.235958436454612,"Memory B Cells",0.954545454545455,88
"242",0.610135718746832,11.3636559475195,3.89050564095401,0.0531604628459664,0.0880882049637708,242,0.0860337794606565,"Naive B Cells",0.537190082644628,121
"243",3.04195287906694,11.4873062625317,107.872028216639,4.8288325084941e-15,1.48950910454318e-13,243,1.61303295385654e-13,"Memory B Cells",1,125
"244",0.486541063833191,11.3614928366484,2.4057918204307,0.126131275823912,0.181937559731615,244,0.178085436920977,"Naive B Cells",0.933884297520661,121
"245",-1.08367965008669,10.8496699967753,6.00374804033695,0.0178596646396991,0.0333103512582295,245,0.0324171812102884,"Memory B Cells",1,84
"246",-1.02694311714189,11.2875094429401,7.67479396959198,0.00758249867896155,0.0155927280526337,246,0.0151835322051014,"Memory B Cells",1,117
"247",-0.230831045816528,11.48382594347,0.443754836258013,0.507861778598703,0.598553324748615,247,0.588854898841159,"Follicular B Cells",1,134
"248",-2.93179328760076,11.3713652255723,31.1481784216332,6.22004897445383e-07,3.11779954844498e-06,248,3.11644360443317e-06,"Memory B Cells",0.992063492063492,126
"249",-0.8347461974924,11.0265665962884,4.01218729325052,0.0501790614654922,0.0841916470613488,249,0.0823246050054393,"Memory B Cells",0.96875,96
"250",0.798704942492943,11.2015863382694,7.41456963091118,0.0107845334494999,0.0214089005606409,250,0.0208803428350978,"Memory B Cells",1,107
"251",0.9197620686885,11.16557360498,9.25366390096195,0.00347964876529299,0.00766669865320048,251,0.00747771063478228,"Naive B Cells",0.826923076923077,104
"252",-0.0335731532253471,11.0246894275374,0.00942214079890045,0.927144864813129,0.95226034659216,252,0.951140298029456,"Memory B Cells",0.810526315789474,95
"253",-1.0836119601986,11.6121438709238,8.94770925987618,0.00402264363255065,0.00871935187379899,253,0.00848868902923635,"Memory B Cells",1,149
"254",2.32729392661446,11.475766001203,62.5209185898416,6.93554760377352e-11,1.03567115272349e-09,254,1.15554509148161e-09,"Memory B Cells",1,126
"255",1.09113013650692,11.102295750458,11.3274860691481,0.00140854656751147,0.00342319499134606,255,0.0033438910438016,"Naive B Cells",0.515151515151515,99
"256",-0.0493329008735871,11.4572002849307,0.0208118373453769,0.885774839888051,0.924988830195595,256,0.923792203101717,"Follicular B Cells",1,131
"257",-0.482893933027753,11.2125520516427,1.97629484052662,0.185082312466966,0.252442201698141,257,0.246976168456781,"Memory B Cells",0.972727272727273,110
"258",-0.441295093614938,11.3304864912076,1.70506705235595,0.20264728911055,0.27177780245261,258,0.266040127337815,"Memory B Cells",0.95,120
"259",-0.875206445508945,10.8203570190516,4.05105849715042,0.0507103491583528,0.0847285417187478,259,0.0827952755343499,"Memory B Cells",1,82
"260",0.379096350743696,11.4771034936851,1.4074527699372,0.240143104300745,0.315729130572455,260,0.309378106938266,"Activated B Cells",1,132
"261",-1.2625582842595,11.3734924825185,10.3681094066223,0.00206856765665191,0.00479477242958044,261,0.00465820287306122,"Memory B Cells",0.92,125
"262",3.27285531114827,11.3359822560959,131.781928253371,8.54654519144497e-17,4.28395577721179e-15,262,4.86319297990576e-15,"Memory B Cells",1,112
"263",-1.50740734840016,11.3372354613326,11.5120676750856,0.00129776454696524,0.00319529908151478,263,0.00312266863246279,"Memory B Cells",1,122
"264",-0.177736516557514,11.5536997939896,0.287911022768338,0.593540766045404,0.66483197537488,264,0.660688742864703,"Memory B Cells",0.851063829787234,141
"265",1.00907651800622,10.9877472384263,9.96051166711193,0.00249836508476269,0.00564271893689788,265,0.00550319728329009,"Naive B Cells",0.538461538461538,91
"266",0.941185740886449,11.1530136205973,9.79659252861778,0.00275560400960402,0.00613887337695118,266,0.00598689021648747,"Memory B Cells",0.902912621359223,103
"267",-2.7676219724863,11.7569233085046,40.3805081226271,3.08748540478792e-08,2.29274379133325e-07,267,2.37455589894741e-07,"Memory B Cells",1,168
"268",-0.0330149532922907,10.5276325691235,0.0043502349293554,0.947631270564775,0.969093248518194,268,0.968445335657124,"Activated B Cells",0.923076923076923,65
"269",-1.17164075738163,11.4059330964931,9.13597734692994,0.00367881640508576,0.00801742053499669,269,0.00781701776030801,"Memory B Cells",1,128
"270",0.181970585015411,10.8004288464493,0.218006651129195,0.64224930271485,0.707532885683117,270,0.705202816191349,"Memory B Cells",0.65,80
"271",0.594461398654831,10.9031275915696,2.92068826069355,0.0957059267430608,0.144822930656481,271,0.14186599536231,"Memory B Cells",0.988372093023256,86
"272",1.89169352157259,11.4491949794535,43.019751587264,1.3916647500045e-08,1.1388929892894e-07,272,1.17702444546011e-07,"Memory B Cells",1,125
"273",-0.899194615641416,11.4608250200117,5.481333420697,0.0225509316714793,0.0411041981830145,273,0.0400746497172674,"Memory B Cells",0.917293233082707,133
"274",-0.219531767709723,11.2302365010187,0.440171023666426,0.531050034404958,0.61017496789796,274,0.603793828144007,"Naive B Cells",0.720720720720721,111
"275",1.68619906368672,11.0624626030226,29.8419153108013,1.10961307317559e-06,5.11442347521164e-06,275,5.12743255235363e-06,"Naive B Cells",1,95
"276",-1.76198084264027,11.2576605473561,18.9906615834171,5.88951690024409e-05,0.000203594506637748,276,0.000201381260297845,"Memory B Cells",1,115
"277",-0.142652914458653,11.1045009999164,0.170907186904802,0.693313350889692,0.751401766775045,277,0.74780452708508,"Memory B Cells",1,101
"278",-0.308320188269085,10.7273328995455,0.514471883119426,0.475984755859298,0.566379486942369,278,0.555323099345839,"Memory B Cells",1,76
"279",-2.17489559665283,10.7127256720221,13.3566691977676,0.000542268756569305,0.00144966514256194,279,0.00142399454507078,"Memory B Cells",1,76
"280",0.134347895762035,10.831995020165,0.109812955762678,0.741633845539307,0.797306091317057,280,0.795238343850324,"Memory B Cells",0.865853658536585,82
"281",1.88962844107003,10.9322311178016,35.3469350331887,1.50331245193759e-07,9.13376201859049e-07,281,9.42091242358322e-07,"Naive B Cells",0.976744186046512,86
"282",0.560603128670343,11.2699207131144,3.69299473444301,0.0728744735456573,0.114608610796599,282,0.112508356552593,"Activated B Cells",0.991150442477876,113
"283",1.26684112777659,10.9633833186878,15.8218883664047,0.000189455341834987,0.00056229461258097,283,0.000551161926788604,"Memory B Cells",0.943820224719101,89
"284",3.8199363554145,11.0212720885702,152.226660360768,3.98542588573223e-18,3.19631156035725e-16,284,4.25584697501086e-16,"Memory B Cells",0.98876404494382,89
"285",-0.298276711868358,10.9922902590023,0.653665336337114,0.438065025849751,0.52437037422612,285,0.514124484767676,"Memory B Cells",1,93
"286",-0.82453275257341,11.4827095748042,4.92750401945497,0.030212032667571,0.0533701546242113,286,0.0522300208559999,"Memory B Cells",0.962962962962963,135
"287",2.09455748799491,10.8719328457207,41.9152495167439,1.93739042154003e-08,1.49402607507221e-07,287,1.54705881923685e-07,"Activated B Cells",1,82
"288",-1.08621066957466,11.2292826765978,8.96226035089413,0.0062394425625384,0.012896992100917,288,0.0125648521905551,"Memory B Cells",0.991071428571429,112
"289",2.23039458132661,11.4947124231863,58.5236232914204,1.90801315790987e-10,2.55037758773953e-09,289,2.76462926694961e-09,"Memory B Cells",1,128
"290",-2.20937231103783,11.4680184996896,22.4442941088098,1.36261869547693e-05,5.41000095926981e-05,290,5.40421733664753e-05,"Memory B Cells",1,135
"291",2.50308808328614,11.5036646969519,75.232690372935,3.42987546767109e-12,5.97991331537438e-11,291,6.86470245994398e-11,"Memory B Cells",1,128
"292",4.58173472943713,11.1247804852146,204.012900494819,5.42239253655957e-21,2.17437940716039e-18,292,3.29412382355935e-18,"Naive B Cells",0.978947368421053,95
"293",0.256555563024844,11.6037353000188,0.645687985100141,0.425165301201497,0.51198584318859,293,0.501916984618156,"Follicular B Cells",1,145
"294",1.37366229615458,10.7369875688738,14.7736468985152,0.000294703170835063,0.000826405395138884,294,0.000810545902019816,"Memory B Cells",1,75
"295",0.0438450022509283,11.2815678491614,0.0191531615032264,0.895976082814255,0.933211452489653,295,0.93181145162939,"Memory B Cells",0.539130434782609,115
"296",0.600980038934613,11.1057896023969,3.54055713691411,0.0690712348017408,0.109910972839278,296,0.10757846491634,"Naive B Cells",1,100
"297",-2.31803469872933,11.1217279017731,22.9345737917826,1.1323810774163e-05,4.54084812043935e-05,297,4.54644053938609e-05,"Memory B Cells",0.980769230769231,104
"298",0.911075984235778,11.4929667580018,8.43484838357869,0.00514129034006031,0.0109662629061925,298,0.0106956553528941,"Naive B Cells",0.96969696969697,132
"299",2.41200595950841,10.6468400946102,38.4922182960529,5.53516238391993e-08,3.63868871467523e-07,299,3.73163601332911e-07,"Memory B Cells",0.91304347826087,69
"300",-0.798249821767923,11.3802091059792,4.85934129522649,0.0313322559582569,0.0550212942912228,300,0.0538129754306591,"Memory B Cells",0.904,125
"301",0.0319161327764794,11.1729825344968,0.0087591668692631,0.925779301167541,0.95226034659216,301,0.951140298029456,"Follicular B Cells",1,106
"302",-0.369060196608315,11.2745209958219,1.27691180710504,0.292374204513956,0.375775820545181,302,0.367754888158975,"Memory B Cells",0.6,115
"303",1.99106269716503,10.8196303862199,36.0353626637097,1.20445353864915e-07,7.43055183074322e-07,303,7.63519107256578e-07,"Memory B Cells",0.582278481012658,79
"304",-0.836387070256068,11.3241194411959,5.50924402110291,0.0232439711414994,0.0419857316564922,304,0.0408873362721359,"Memory B Cells",0.975,120
"305",-1.7359012796288,11.0602124533603,15.0443136791627,0.000262736796376667,0.000747215995369101,305,0.000732692342557176,"Memory B Cells",1,99
"306",3.1054371881337,10.927294885693,95.7991661241594,4.6460347760276e-14,1.16441246574192e-12,306,1.29803463268727e-12,"Naive B Cells",1,84
"307",-1.67875806236967,11.4826099450304,15.2058986456349,0.000245391601672539,0.000702871659076344,307,0.000689744007696053,"Memory B Cells",0.977941176470588,136
"308",0.555232738529667,10.8716220519567,2.46107832250924,0.124719349607774,0.180550394197536,308,0.176593708309405,"Naive B Cells",1,84
"309",-0.0503716113453453,11.2327288072604,0.025668829786427,0.883732972016434,0.924988830195595,309,0.922270633674445,"Activated B Cells",1,111
"310",-0.72943751355122,11.1469682602473,3.72962078974218,0.0594891229423194,0.096972106910041,310,0.0949381741181374,"Memory B Cells",0.971428571428571,105
"311",1.32461257602642,11.0812945551126,18.8884318194747,5.42246303234356e-05,0.000190737515435945,311,0.000189139080086595,"Naive B Cells",0.804123711340206,97
"312",0.589133931358139,11.2948611232003,3.91323289469533,0.0565748319029939,0.0925979901759207,312,0.0907120188487567,"Naive B Cells",0.991304347826087,115
"313",0.632144490451483,11.2224502869832,4.69397216917502,0.0451092728654191,0.0769736954001406,313,0.0751766577722336,"Memory B Cells",1,109
"314",-0.497193414911384,11.2247265848593,2.08599953377811,0.170566341259484,0.236166750269607,314,0.231423758769603,"Memory B Cells",0.981981981981982,111
"315",1.03477583124759,11.3531453121796,13.0018279289527,0.000633238479887928,0.00168164655917258,315,0.00164918290526266,"Memory B Cells",1,119
"316",0.0161990790151558,11.1846803590505,0.00255630722979428,0.962407130919196,0.977025973414171,316,0.976644102724149,"Memory B Cells",0.831775700934579,107
"317",-2.11824103163941,11.3875078128795,22.3541496625821,1.40997804809689e-05,5.54314899300835e-05,317,5.52153439275385e-05,"Memory B Cells",0.992125984251969,127
"318",1.56978011398072,11.1834851107588,30.5016628090799,7.52107601695501e-07,3.67798961316946e-06,318,3.68605017842556e-06,"Naive B Cells",0.990384615384615,104
"319",1.24009067416172,10.9776671932918,15.3715327368729,0.000228842871329167,0.000669824754766393,319,0.00065868987566305,"Memory B Cells",0.766666666666667,90
"320",-1.31083221872177,11.4150056309172,11.0037849695703,0.00154585554896107,0.00371190464151731,320,0.00362372039032244,"Memory B Cells",0.961240310077519,129
"321",-1.64045850718462,11.6919623542545,18.6917350433918,5.86524489512861e-05,0.000203594506637748,321,0.000201381260297845,"Memory B Cells",1,159
"322",1.81065106941742,10.4738228936946,16.9696709777884,0.000117790810849152,0.000369016524613359,322,0.000363845469315674,"Activated B Cells",1,61
"323",1.19210271683349,11.5632435340937,17.2452845119391,0.000105221544477955,0.000337550714685279,323,0.000331648800892477,"Memory B Cells",0.86231884057971,138
"324",1.59922406554042,11.6381301248417,36.792493422906,9.45729489566769e-08,5.92558633306678e-07,324,6.07798016687672e-07,"Memory B Cells",1,144
"325",2.99417304514483,11.2231532760835,121.613395178727,4.4494660553039e-16,1.78423588817687e-14,325,2.02601274206609e-14,"Memory B Cells",0.990384615384615,104
"326",-0.665286703488543,10.5216739208375,1.51204882503269,0.223613329363776,0.295937112458331,326,0.289951090816931,"Activated B Cells",0.815384615384615,65
"327",-0.61552262118527,11.1492872002854,2.90666631829454,0.105886003097852,0.157260323119402,327,0.153910550215928,"Memory B Cells",0.971428571428571,105
"328",-0.302594939954767,11.4201544249515,0.7662068291075,0.384873964630011,0.473418588394584,328,0.462988756003937,"Memory B Cells",0.578125,128
"329",-1.91081836370384,11.2092050062126,19.7253858257304,3.89266460159474e-05,0.00014320720231555,329,0.000142310902542399,"Memory B Cells",1,111
"330",0.395430696513691,11.4670451678536,1.54104143798539,0.219280599360213,0.29116397464717,330,0.28499921803331,"Memory B Cells",0.816793893129771,131
"331",-0.00165980684475871,11.2577608805773,2.82978935667269e-05,0.995773210050107,0.995773210050107,331,0.995773210050107,"Memory B Cells",1,113
"332",1.51759139163301,11.3564832800695,28.8889788949331,1.31216129839998e-06,5.91209753548754e-06,332,5.96096087595031e-06,"Naive B Cells",0.974576271186441,118
"333",-0.233935205557641,10.8587657014696,0.359798649421988,0.56008536343889,0.638051791872144,333,0.63192219259248,"Naive B Cells",0.511904761904762,84
"334",-0.850663540029468,11.2438584053789,5.88939662504113,0.0253946192438473,0.0456647637523891,334,0.0444396721196425,"Memory B Cells",1,113
"335",1.09432448939611,11.283618001538,15.3089806951606,0.000234951885677212,0.000682722508380883,335,0.000671011899030218,"Naive B Cells",0.610619469026549,113
"336",-0.928013859116637,11.2068885084114,6.63188218330513,0.0175249728310115,0.032838850959045,336,0.0319999314587385,"Memory B Cells",1,110
"337",1.37552317099957,11.0546048373241,20.7748458018974,2.5834809767984e-05,9.68201749248748e-05,337,9.60292387580847e-05,"Naive B Cells",1,95
"338",0.675344958449763,10.9053864593351,3.80966347322382,0.0557126314111479,0.0915605130978291,338,0.0895510344704948,"Activated B Cells",0.988372093023256,86
"339",-0.922036391012503,10.7210378798458,3.80682375725128,0.0557048552023602,0.0915605130978291,339,0.0895510344704948,"Activated B Cells",0.657894736842105,76
"340",-3.13381653970125,11.1800086535705,35.2156605130563,1.56851458524041e-07,9.3085292172158e-07,340,9.53247431890204e-07,"Memory B Cells",0.990825688073395,109
"341",1.23981768793478,11.0932158836954,16.976202195683,0.00011747559619519,0.000369016524613359,341,0.000363845469315674,"Naive B Cells",1,98
"342",1.61204111824166,11.5161289541103,29.5010377325344,1.06095493882451e-06,4.99404406995773e-06,342,4.9845491244399e-06,"Memory B Cells",0.954545454545455,132
"343",-0.600458322486224,11.2230739702335,3.06221138617849,0.104010721397564,0.155049439704176,343,0.151814443526922,"Memory B Cells",0.927927927927928,111
"344",0.33074771291024,10.770017290933,0.708570931274452,0.40325188215306,0.491501534174398,344,0.479770450722715,"Memory B Cells",1,78
"345",-0.613896230246098,11.056830972815,2.49950344118497,0.119332672083959,0.174643801115575,345,0.170578532174543,"Memory B Cells",0.969387755102041,98
"346",-1.98492690975789,11.0717277436755,18.3217946731691,6.80256784607464e-05,0.000227319142189661,346,0.000225226577523383,"Memory B Cells",0.93,100
"347",-0.53120537659994,11.8251012732481,3.13883298638874,0.0815120823266904,0.126691259740321,347,0.124131760132661,"Memory B Cells",1,173
"348",-1.19623914263031,11.3198576048375,10.1135920704879,0.00232692598385996,0.00533198468301624,348,0.00518581593952736,"Memory B Cells",0.85,120
"349",0.29146945049182,10.5715243327835,0.409637108165919,0.524583480824417,0.608264112064962,349,0.601062552871826,"Naive B Cells",1,67
"350",-0.268885964154383,10.7946057099067,0.441418921901129,0.5151387874022,0.604007759497901,350,0.594475550854887,"Activated B Cells",0.5875,80
"351",0.896440269298851,11.1396380014206,7.4540531918231,0.00851823715649688,0.0173391527906358,351,0.0168961530738883,"Naive B Cells",0.833333333333333,102
"352",2.93034701761142,11.1800829766181,112.125980955576,2.26138477408962e-15,8.24377540372671e-14,352,9.18940256890464e-14,"Memory B Cells",0.99009900990099,101
"353",0.337906974948111,11.0175302722249,1.00880458308302,0.335875610189502,0.427574983130128,353,0.418799682932964,"Naive B Cells",0.74468085106383,94
"354",-0.248272112656442,11.0346231233049,0.465238788170313,0.508994223788722,0.598553324748615,354,0.588854898841159,"Memory B Cells",0.916666666666667,96
"355",-0.31883356467234,11.0880165586946,0.777243403064507,0.391374239176177,0.479942109815434,355,0.469288869020779,"Memory B Cells",0.92,100
"356",0.523844469673948,11.4597891604889,2.77525418904093,0.100929918980385,0.151018274295277,356,0.147924675911027,"Memory B Cells",0.992307692307692,130
"357",0.54829773891107,11.0906533779411,2.9250098232618,0.100633559510792,0.151018274295277,357,0.147924675911027,"Memory B Cells",0.787878787878788,99
"358",-0.526119460063511,10.9891890659762,1.85166851889223,0.186222272637475,0.253136038398737,358,0.24752885387736,"Memory B Cells",0.978494623655914,93
"359",0.65264695170618,10.8088428630111,3.26235309576907,0.0758892313316916,0.118410823984468,359,0.116174507640486,"Memory B Cells",0.6625,80
"360",1.08676285907074,11.35440816656,14.0652307176284,0.000399004109778091,0.00107382985249003,360,0.00105495289914635,"Naive B Cells",0.714285714285714,119
"361",1.649552644549,11.1720275342861,34.2543468092181,2.14461307534054e-07,1.19443033779383e-06,361,1.21737539231538e-06,"Memory B Cells",0.932038834951456,103
"362",2.16676119329734,10.8740345031941,45.2197237167308,7.27926432437453e-09,6.78833719552136e-08,362,7.02245617762097e-08,"Memory B Cells",0.98780487804878,82
"363",-0.193807475868479,11.1426110207154,0.318829577476186,0.588610232545519,0.66301321137852,363,0.657979938243873,"Memory B Cells",0.528846153846154,104
"364",-0.543384900442115,11.2599013789241,2.64902834013088,0.132571482795958,0.189861302147069,364,0.185739313927281,"Memory B Cells",0.991228070175439,114
"365",-1.62100453894828,11.293435970059,16.5794251504634,0.000138313263414979,0.000423386401751194,365,0.000416444820244977,"Memory B Cells",0.974576271186441,118
"366",0.413396865683032,11.2784198413153,1.93303174048941,0.191984965387162,0.260087740271122,366,0.254582632774492,"Naive B Cells",1,114
"367",-0.93170244158285,10.5769414055444,2.87097865025683,0.0953605359439937,0.144822930656481,367,0.14186599536231,"Memory B Cells",0.911764705882353,68
"368",-0.42814937403928,11.005000400049,1.33261241220977,0.273168242606811,0.354843540203673,368,0.347315910388804,"Memory B Cells",1,94
"369",0.92169897650456,10.3940917552002,3.38769123898816,0.070617359489073,0.111927119190191,369,0.109637665446096,"Memory B Cells",0.637931034482759,58
"370",-1.45277776987709,11.15207786368,12.2922436094364,0.000866080344920753,0.00219808998932419,370,0.00215774367624247,"Memory B Cells",0.924528301886792,106
"371",0.48037587354577,11.2800902827181,2.44580528231362,0.127449053635064,0.183179464185164,371,0.17929374383768,"Memory B Cells",0.93859649122807,114
"372",-0.308324883674362,10.7268435757059,0.505398736691703,0.479884312407744,0.569330204957117,372,0.558489374852737,"Activated B Cells",1,76
"373",-1.42236492452293,10.7999145555569,8.53947223254369,0.00488911088780808,0.0104841361818772,373,0.0102086915560066,"Memory B Cells",1,81
"374",-4.32586763684226,10.8823785672662,32.3849998358721,3.97950206501629e-07,2.12770710409538e-06,374,2.14603030727793e-06,"Memory B Cells",1,87
"375",0.522896699090126,11.6098510097575,3.12050388067285,0.0823850043388583,0.127502228356774,375,0.124807219562367,"Memory B Cells",0.986206896551724,145
"376",-0.314882498790647,10.9189934048369,0.672073127988098,0.427789137030276,0.513603125596229,376,0.503602389209035,"Activated B Cells",0.613636363636364,88
"377",2.8046582784428,11.177044829832,99.245923971251,2.39168440461713e-14,6.85046747322478e-13,377,7.54458019269448e-13,"Naive B Cells",0.99009900990099,101
"378",0.938468026335081,11.1134910997836,8.1470376917011,0.00609638224285372,0.0126665765771209,378,0.0123435051998574,"Naive B Cells",0.95,100
"379",0.851989564949204,10.4370595849329,3.04060055569063,0.0863132334722669,0.132105368787706,379,0.12941352878081,"Naive B Cells",0.733333333333333,60
"380",-1.07985417392177,11.6910598275959,9.36524744831983,0.00330122159351178,0.00731375612706202,380,0.00712614328145471,"Memory B Cells",0.917721518987342,158
"381",2.58280645681153,11.4378161181114,81.1054052573969,9.41485766488943e-13,1.79778948743841e-11,381,2.07927542510196e-11,"Naive B Cells",0.991803278688525,122
"382",-0.201974451540152,10.9199486924621,0.263371888872268,0.609715351650273,0.67915515558822,382,0.675687363721103,"Memory B Cells",0.534090909090909,88
"383",-0.567788150047691,11.4976805371046,2.46881852600329,0.121369397965069,0.176337422405771,383,0.172224334783293,"Memory B Cells",0.99264705882353,136
"384",0.0854560028728747,11.1345824323595,0.066370933275476,0.805657286477631,0.854678761580767,384,0.852044197918491,"Memory B Cells",1,103
"385",0.269337814048597,11.176882857362,0.738748317688741,0.420786624321507,0.508239266123266,385,0.497130205949347,"Naive B Cells",0.60377358490566,106
"386",-2.11591970272465,10.9474183226387,17.7845559849509,8.44928607941904e-05,0.000277718337528446,386,0.00027397612497208,"Memory B Cells",1,91
"387",-1.0953879803928,10.9968465857139,6.71520186092903,0.0119788057251613,0.0235465739989691,387,0.0229096193080972,"Memory B Cells",0.957446808510638,94
"388",0.159010351745305,10.9558533172294,0.19420251516319,0.667259560082072,0.729076522051529,388,0.725996302756465,"Memory B Cells",0.966666666666667,90
"389",-1.64683566222183,11.315358331639,16.7648928071138,0.000128132696375728,0.000398303963152457,389,0.00039265946452419,"Memory B Cells",0.975,120
"390",-0.35201793109866,10.6554692748383,0.498481389653459,0.483189116043947,0.571559986824846,390,0.561029713221173,"Memory B Cells",0.944444444444444,72
"391",0.0996877019604359,10.7830311706353,0.0644103821210103,0.802367367672519,0.854678761580767,391,0.852044197918491,"Memory B Cells",0.886075949367089,79
"392",-1.10440707563399,10.8652390029769,5.59578940960333,0.0216067225445269,0.0397444758731894,392,0.0387265317606595,"Memory B Cells",0.647058823529412,85
"393",-0.0917194007235666,10.9952477249756,0.0657329533628919,0.805463325356225,0.854678761580767,393,0.852044197918491,"Memory B Cells",0.838709677419355,93
"394",0.990472150092327,10.6577205723871,6.31572948614782,0.014663191697252,0.0278670136047301,394,0.0271548456766726,"Naive B Cells",1,71
"395",1.73212108575131,11.1611033405487,37.2684399491892,8.13190580440863e-08,5.17602258344105e-07,395,5.3147059035431e-07,"Naive B Cells",1,102
"396",-0.512354445998353,11.2364598460296,2.21600877431382,0.157004685950537,0.219368916606848,396,0.21516082450808,"Memory B Cells",0.794642857142857,112
"397",-1.3929658689141,11.1023216577386,11.1441103404822,0.00145390216210998,0.00351213715063916,397,0.0034305227413029,"Memory B Cells",0.901960784313726,102
"398",2.3656444231963,10.5252663552953,31.8872257409197,4.70221276243174e-07,2.44881469835731e-06,398,2.47146646892926e-06,"Naive B Cells",0.619047619047619,63
"399",-2.96177992784984,11.6900127301236,40.3060092072509,3.1587246088475e-08,2.30299739663245e-07,399,2.37455589894741e-07,"Memory B Cells",1,160
"400",-0.342143274628069,11.7310525507348,1.17375451183547,0.28342265800578,0.366620922130057,400,0.358751401320798,"Memory B Cells",0.987577639751553,161
"401",0.946162765398567,11.5653315537527,10.218943456359,0.00221611755809773,0.00510725942986891,401,0.004967479954856,"Naive B Cells",0.733812949640288,139
