"","logFC","logCPM","F","PValue","FDR","Nhood","SpatialFDR","celltype","celltype_fraction","nh_size"
"1",0.176576518710626,12.2188413971318,0.880184678714232,0.44586052968479,0.543978704502154,1,0.53485242979238,"CD4/8 Naive/Stemlike",1,172
"2",-1.2221423316961,11.6452901846665,22.6436804940835,0.000677948120986863,0.00238865833282287,2,0.00206644032596121,"CD4/8 Naive/Stemlike",0.991150442477876,113
"3",0.13505351397407,11.6217361881756,0.368004954433604,0.64000861350729,0.709656609683084,3,0.701280003005214,"CD4/8 Naive/Stemlike",1,111
"4",-1.72333626184062,12.4263150459551,82.6315017235708,2.87163583970779e-06,7.64539549696608e-05,4,5.58612663267792e-05,"CD4/8 Naive/Stemlike",0.995,200
"5",-2.03733783860435,11.992848743752,64.9726494920007,8.6811729470348e-06,0.000101437726154915,5,7.84060592842737e-05,"CD4/8 Naive/Stemlike",1,146
"6",-2.11963608419607,10.6334495961342,9.09458058195403,0.0125933092986452,0.0286841473171041,6,0.0257384642723298,"T Helper",0.673076923076923,52
"7",-0.274401282692924,10.8967246414378,0.313838450422878,0.587318142734209,0.660952059136707,7,0.654481046510391,"Other T Cells",0.84375,64
"8",-1.27155387866597,12.5963305242391,62.5694416423935,1.09132585535541e-05,0.000111197256072699,8,8.76874382579166e-05,"CD4/8 Naive/Stemlike",0.995575221238938,226
"9",-0.350904296118392,11.2659110266569,1.50324015153345,0.307505104393734,0.421561543114319,9,0.407070830486894,"CD4/8 Naive/Stemlike",0.964705882352941,85
"10",-0.54544790672394,11.399105772629,3.44026055409629,0.102249382492274,0.170566447785785,10,0.161320219093584,"Mucosal-associated Invariant T Cells",0.478723404255319,94
"11",-1.54060694175398,12.2179216365705,45.7760483941563,4.29087612942083e-05,0.000280112863415264,11,0.00022491063513173,"CD4/8 Naive/Stemlike",0.988372093023256,172
"12",-0.242862686244363,11.2503478033925,0.581730609920289,0.477980822213256,0.570249272085203,12,0.560237410963568,"CD4/8 Naive/Stemlike",0.892857142857143,84
"13",1.2416052279241,11.5087477868548,26.730480504658,0.000355834386052351,0.00135504609638117,13,0.00115142852711424,"CD4/8 Naive/Stemlike",1,102
"14",-2.490192846946,11.9643882534042,49.9715285903371,2.94101870962185e-05,0.000205911713900276,14,0.000167364842431174,"CD4/8 Naive/Stemlike",0.965034965034965,143
"15",-1.00781032047249,11.1695534780119,7.11983425833233,0.0230222774304743,0.0484882602865298,15,0.0438330869731625,"CD4/8 Naive/Stemlike",1,79
"16",-1.83114926902543,11.7262392605113,41.8711349137903,6.26480134615838e-05,0.000347588009677126,16,0.000284899949694829,"CD4/8 Naive/Stemlike",0.991666666666667,120
"17",-1.71833181163559,11.6332089990018,28.9699285001328,0.000279737754392737,0.00108722817944394,17,0.000918773772156567,"CD8 Effector Memory",0.946428571428571,112
"18",0.358492177657729,11.7157205164013,2.63649463701452,0.19187171533279,0.28704617730342,18,0.27428891630331,"CD4/8 Naive/Stemlike",0.983193277310924,119
"19",-0.502890110527855,10.7267599764054,1.02430128300794,0.334208671481863,0.448386722948976,19,0.433890352147471,"T Helper",0.839285714285714,56
"20",-2.26323412225589,11.9928028204749,69.2131770015752,6.9257184865154e-06,9.36946098222248e-05,20,7.05580016657821e-05,"CD4/8 Naive/Stemlike",1,146
"21",0.621744670943618,11.3418042790284,4.94426460289094,0.0496564241409823,0.0940727231213584,21,0.0870874159914858,"CD4/8 Naive/Stemlike",0.844444444444444,90
"22",-0.409004583975021,12.0841982739528,2.86766579793874,0.120372335389604,0.19476553837717,22,0.184836438026102,"CD4/8 Naive/Stemlike",0.974358974358974,156
"23",0.221929864799101,11.8562487292768,0.904296749341046,0.399340884116458,0.505206420509748,23,0.493791062202039,"Mucosal-associated Invariant T Cells",0.909090909090909,132
"24",0.191016702450815,11.8458981265451,0.882163496259557,0.470878931903405,0.567160886030618,24,0.558193955317765,"CD4/8 Naive/Stemlike",0.977099236641221,131
"25",-0.310849653567963,11.5469224888958,1.52940344757053,0.313686755237968,0.426931071208353,25,0.412495313908022,"Natural Killer T Cells",0.980952380952381,105
"26",0.427192907671877,11.1363831162198,2.38649326225382,0.208014250469645,0.307534793831593,26,0.295006155961982,"CD4/8 Naive/Stemlike",1,77
"27",0.289895365909001,11.1699058280178,0.690884687492773,0.424723622590576,0.526713176699497,27,0.516852404935153,"Natural Killer T Cells",0.962025316455696,79
"28",-0.335250912925872,10.9362368833677,0.496088587790133,0.496848535355743,0.583581055432833,28,0.574315925296619,"Other T Cells",0.93939393939394,66
"29",-1.08894677621823,12.4126729488035,29.8235153732225,0.000249668178895721,0.000980467744205072,29,0.000824728397067837,"CD4/8 Naive/Stemlike",0.994949494949495,198
"30",-3.69412732905747,11.3261384555457,39.7987765137563,7.75040231792977e-05,0.000400260503268428,30,0.000330981372302116,"CD4/8 Naive/Stemlike",0.932584269662921,89
"31",-1.89553858284809,11.6804600336917,32.6820032479429,0.00017359682235283,0.000727177800300187,31,0.00061093218426528,"CD8 Effector Memory",0.982758620689655,116
"32",-1.03005682189838,11.1860277415067,10.1858273128373,0.0090518311251822,0.0222964886804808,32,0.0196551143759685,"CD4/8 Naive/Stemlike",0.9875,80
"33",0.465189581510823,11.4274876467634,2.35605370278944,0.154940745930438,0.23744984234055,33,0.22673540811531,"CD4/8 Naive/Stemlike",0.583333333333333,96
"34",-0.0376772799900467,11.1191598250916,0.0117266473365645,0.915847691531644,0.93065924449442,34,0.928573959855852,"Mucosal-associated Invariant T Cells",0.973684210526316,76
"35",-2.39103668946873,11.4542004995675,37.8280911012461,9.57005969442085e-05,0.000445421296888476,35,0.000371079047931782,"CD4/8 Naive/Stemlike",0.979591836734694,98
"36",0.745271057166052,11.4413978382604,7.66589375307127,0.0193346664683995,0.0423788910382943,36,0.0382795904796504,"Mucosal-associated Invariant T Cells",0.896907216494845,97
"37",-0.411235892406234,10.8353029474234,0.683241532898691,0.427216496641982,0.52806760404599,37,0.51905815817164,"CD8 Effector Memory",0.901639344262295,61
"38",1.33922555741072,10.8971499681143,9.51560502755048,0.0111756504313593,0.0261690696436178,38,0.0232938838989718,"CD4+ Helper T Lymphocytes",0.8125,64
"39",-0.0596317115673504,11.4272864147115,0.0411014002887314,0.849941012202469,0.887611527981568,39,0.883765298226646,"Natural Killer T Cells",0.489583333333333,96
"40",0.46517426829867,11.4274806623827,3.46631384357335,0.125448236705131,0.199552680328416,40,0.189472852099088,"CD4/8 Naive/Stemlike",1,96
"41",-1.51265641829765,11.7263272270379,31.3123644196142,0.000205951135504179,0.00083487718371049,41,0.000707532102756539,"CD4/8 Naive/Stemlike",0.675,120
"42",-0.07401669678551,11.2966907074235,0.0710944266992256,0.823230652198742,0.867132788275383,42,0.861799683724358,"Mucosal-associated Invariant T Cells",0.954022988505747,87
"43",2.3863275217499,11.5480676231475,73.6218935845424,5.22925148614472e-06,8.4149173789005e-05,43,6.31305878531708e-05,"CD4/8 Naive/Stemlike",1,105
"44",0.21635041539645,11.1192400293558,0.532043722953422,0.532056682324279,0.619090645790905,44,0.608973206152622,"CD4/8 Naive/Stemlike",0.986842105263158,76
"45",0.423860651100397,11.7931580405554,4.08650823194144,0.110990947666468,0.181141070434019,45,0.172322521590542,"Mucosal-associated Invariant T Cells",0.920634920634921,126
"46",1.3275807110431,11.3420769602752,14.8526531443343,0.0030260358073193,0.00845048518043984,46,0.00746095455068069,"CD4+ Helper T Lymphocytes",0.633333333333333,90
"47",-0.503815572737573,11.119042447922,2.67109262860344,0.172287604710901,0.260853120385581,47,0.249783146051537,"Mucosal-associated Invariant T Cells",0.868421052631579,76
"48",0.0525945135086623,11.3118478665787,0.0313527547573194,0.871836789472279,0.895727949085797,48,0.893277520174666,"Natural Killer T Cells",0.897727272727273,88
"49",1.32445130129899,11.9174580943944,40.8216392049608,6.96995955031323e-05,0.000370095035277196,49,0.000305162036014115,"CD4/8 Naive/Stemlike",1,138
"50",-2.45542211590866,12.1604844269469,99.7513097753673,1.1366681013395e-06,5.63764235424641e-05,50,4.41046304363014e-05,"CD4/8 Naive/Stemlike",0.981818181818182,165
"51",-0.302982871741673,11.7154209410076,1.57957154256135,0.295710512527453,0.408362136347435,51,0.394366696252383,"CD4/8 Naive/Stemlike",0.932773109243697,119
"52",1.72039645034965,11.8467556255954,73.25962049246,4.61825926792179e-06,8.29497215110959e-05,52,5.93480465175233e-05,"CD4/8 Naive/Stemlike",1,131
"53",-2.01369137807968,12.4331335325978,88.730387503991,2.21106798875435e-06,7.18908032390322e-05,53,5.43426063928099e-05,"CD4/8 Naive/Stemlike",1,201
"54",-0.818978523240006,11.3413151450525,7.19534590366152,0.0222923527092034,0.0477512327918732,54,0.0431759763483285,"Mucosal-associated Invariant T Cells",0.588888888888889,90
"55",0.365043124935417,11.2968385174116,1.73394975937435,0.254944463513321,0.366847567727183,55,0.354380988092492,"Mucosal-associated Invariant T Cells",0.942528735632184,87
"56",0.187586465192532,12.234782412717,1.33984041201169,0.414995645945591,0.516347717892699,56,0.50588663288611,"CD4/8 Naive/Stemlike",1,174
"57",2.49078177602425,11.2668908404142,57.1189006621767,1.63732757458627e-05,0.000143551743167215,57,0.000115522081256478,"Treg",0.952941176470588,85
"58",2.45374346363462,11.5480980697554,66.9656161134684,8.0415254059865e-06,9.77953250986101e-05,58,7.56581706189537e-05,"Treg",0.933333333333333,105
"59",0.212265038733337,11.6095997307118,0.860135398035774,0.461786933940577,0.559786733426359,59,0.550493455203415,"CD4/8 Naive/Stemlike",0.981818181818182,110
"60",-0.762471688736815,11.4947884076993,6.73740195316058,0.0261191406491009,0.0538082842880384,60,0.0487811427683203,"CD4/8 Naive/Stemlike",0.613861386138614,101
"61",0.667408490124417,11.5726340018937,7.22376109302022,0.0222588767157169,0.0477512327918732,61,0.0431759763483285,"CD4/8 Naive/Stemlike",1,107
"62",-3.62569597054154,11.2654170548564,51.0006659803555,2.69175705150545e-05,0.000198978903611285,62,0.000161007761722005,"CD4/8 Naive/Stemlike",0.835294117647059,85
"63",0.0771995722718266,11.6217103996155,0.104883947832,0.79009835656038,0.84143243057419,63,0.835236419235946,"CD4/8 Naive/Stemlike",0.927927927927928,111
"64",1.475864318818,11.9756860938801,66.8058760124145,7.07596382781687e-06,9.36946098222248e-05,64,7.05580016657821e-05,"CD4/8 Naive/Stemlike",0.972222222222222,144
"65",0.730466913454134,11.9656953229131,14.0641842277528,0.00359660985188503,0.00975483391482486,65,0.00860938346311292,"CD4/8 Naive/Stemlike",1,143
"66",-1.86918263036481,11.3113740930961,22.042033422561,0.000784144716741255,0.0026874778019223,66,0.00233982309135212,"CD8 Effector Memory",0.988636363636364,88
"67",-1.43212976005309,11.494612571301,20.9786376743972,0.000937334730825482,0.00307927293455105,67,0.00269104221405451,"CD8 Effector Memory",1,101
"68",0.202136359466495,11.5082951603491,0.519597580465604,0.499991196033966,0.583581055432833,68,0.574315925296619,"CD4/8 Naive/Stemlike",1,102
"69",-0.416983711202956,10.9165914949029,0.765611895758891,0.401532235619907,0.505232848082927,69,0.49486029460922,"Other T Cells",0.923076923076923,65
"70",0.680500202187694,12.194944719021,13.0560903380112,0.00452625169413854,0.0118499783936821,70,0.0104393965316052,"CD4/8 Naive/Stemlike",0.994082840236686,169
"71",0.427189545082634,11.1363738156242,1.61384073977831,0.231913751465111,0.337573298464659,71,0.324747012436826,"Natural Killer T Cells",0.844155844155844,77
"72",2.3443605123845,11.1705738080675,75.7797412935296,3.94471255204921e-06,8.03004753612398e-05,72,5.80133846578854e-05,"CD4/8 Naive/Stemlike",0.974683544303797,79
"73",-0.349358132401809,11.4271767623812,1.51604077146848,0.280505761222189,0.392161423521698,73,0.380077509098735,"CD4/8 Naive/Stemlike",0.802083333333333,96
"74",-1.17164142943936,11.533831964427,18.0747548602748,0.00150417146380863,0.00472560534879879,74,0.00412874819385174,"CD4/8 Naive/Stemlike",1,104
"75",2.20640953430417,11.3859337425801,63.1367787757462,1.04807080281679e-05,0.000109756303517203,75,8.72016564741073e-05,"Treg",1,93
"76",2.08859716217061,11.4001088227081,57.6775413306571,1.56828472490158e-05,0.000143013440087797,76,0.000113450359174841,"CD4/8 Naive/Stemlike",0.978723404255319,94
"77",-3.13873986581667,11.2020477810648,47.2316133901874,3.75192333913356e-05,0.000252584839080956,77,0.000204634540669908,"CD4/8 Naive/Stemlike",0.901234567901235,81
"78",0.629454396159517,11.6219664149837,7.29159307567962,0.0246215790476289,0.0512836204472713,78,0.0464544720356895,"Mucosal-associated Invariant T Cells",0.576576576576577,111
"79",1.77756672276354,11.2973701207559,37.5367768629369,9.8805105692952e-05,0.000454262498124914,79,0.000378067658856535,"CD4/8 Naive/Stemlike",0.988505747126437,87
"80",0.604959015623118,11.3853017088774,5.3811037213377,0.0481122269949692,0.0916076241267848,80,0.0848565720241397,"Mucosal-associated Invariant T Cells",0.56989247311828,93
"81",1.38350873859285,11.2351470824114,15.6494554380909,0.00255620359272925,0.00724578010871373,81,0.00636930187077118,"Treg",0.831325301204819,83
"82",-0.372595504018116,11.8035109013565,2.6860833819778,0.18717088494573,0.281129177787012,82,0.268866908856437,"CD4/8 Naive/Stemlike",0.968503937007874,127
"83",0.142630457323543,11.8458737682539,0.34003765393011,0.591672905392761,0.663871087300806,83,0.656983321311319,"CD4/8 Naive/Stemlike",0.885496183206107,131
"84",-0.525874991078738,11.3266042656302,3.1281217616674,0.124387160245276,0.199552680328416,84,0.189472852099088,"CD4/8 Naive/Stemlike",0.898876404494382,89
"85",-1.68243481055669,12.1523373955747,45.7298897892773,4.30942866792713e-05,0.000280112863415264,85,0.00022491063513173,"CD4/8 Naive/Stemlike",1,164
"86",-1.70240828108766,12.1689913068651,63.1661904530724,9.14822994500556e-06,0.000101437726154915,86,7.88557847850523e-05,"CD4/8 Naive/Stemlike",0.987951807228916,166
"87",0.587170700223606,10.8144716982187,1.87905356642887,0.1995874873073,0.296238120924615,87,0.284490116189868,"Mucosal-associated Invariant T Cells",0.483333333333333,60
"88",-0.632837793665644,11.5721236567266,3.45659814051936,0.0917890015826842,0.155669155942589,88,0.147297945080663,"CD4/8 Naive/Stemlike",0.990654205607477,107
"89",1.51195051835321,11.3713089525562,35.4199267079741,0.000114719661879597,0.000514872768197716,89,0.000430287695183542,"Mucosal-associated Invariant T Cells",0.543478260869565,92
"90",-0.526744026429452,11.2658599115251,2.98688992842875,0.132469808436678,0.209836629330368,90,0.199440603083398,"CD4/8 Naive/Stemlike",0.494117647058824,85
"91",-1.79111007932561,11.9549598682129,38.6242958377486,8.7792021160518e-05,0.000424328102275837,91,0.000354489441823755,"CD4/8 Naive/Stemlike",0.992957746478873,142
"92",-0.344360742567322,11.0121658326688,0.674268159492472,0.430173709872922,0.52998525693494,92,0.521941912618829,"Natural Killer T Cells",0.885714285714286,70
"93",-2.37572520874822,11.5965739853589,59.755053137152,1.17782449572064e-05,0.000114471600104261,93,9.10252492439514e-05,"CD4/8 Naive/Stemlike",1,109
"94",0.639648540361833,11.2969361263056,4.81014413127574,0.052303212216909,0.0981010497799737,94,0.090684086051556,"CD4/8 Naive/Stemlike",1,87
"95",-2.95300855600898,11.3261881574957,45.4440707950161,4.42646643229884e-05,0.000282843702538417,95,0.000227759346701106,"CD4/8 Naive/Stemlike",0.932584269662921,89
"96",1.09918703227489,11.5977316111674,19.1539353413611,0.0012929170320269,0.00409604807625328,96,0.00358182665847827,"CD4/8 Naive/Stemlike",0.990825688073395,109
"97",0.414569670344857,11.6218590866035,3.53443689549014,0.143463173876088,0.224421645441017,97,0.213736453064728,"CD4/8 Naive/Stemlike",0.918918918918919,111
"98",1.59066273990968,10.8357964228025,16.9695629624554,0.00186804969735665,0.00567947367664079,98,0.00497725610190838,"CD4/8 Naive/Stemlike",0.885245901639344,61
"99",-0.243240442115489,11.6336581342323,0.825383461326975,0.412602576514308,0.515070103794352,99,0.505358228409587,"CD4/8 Naive/Stemlike",0.410714285714286,112
"100",0.64619761465734,11.7495457859385,9.90584142631761,0.0155352565678805,0.0348618555124462,100,0.0313248638826811,"CD4/8 Naive/Stemlike",1,122
"101",0.794390274196269,11.7716558207387,13.0146928686935,0.00457023662352134,0.0118826152211555,101,0.0104494225987589,"CD4/8 Naive/Stemlike",1,124
"102",-0.266589443612371,11.2659396109076,0.827185111400432,0.434423138242328,0.533477273997908,102,0.525073008783445,"CD4/8 Naive/Stemlike",0.976470588235294,85
"103",-1.07019122452868,11.5968472878999,17.7176722015492,0.00161164086212961,0.00493974475628344,103,0.00431825490265419,"CD4/8 Naive/Stemlike",1,109
"104",-0.662350573885969,11.2965194398405,4.66591767008782,0.0593736379355523,0.109189568300991,104,0.10078547626192,"CD4/8 Naive/Stemlike",1,87
"105",-1.08365404123521,11.1359930895643,7.00164998311034,0.0239293213584649,0.0501186341785627,105,0.04534100449495,"CD4/8 Naive/Stemlike",0.87012987012987,77
"106",-1.6652728720932,12.201775804912,60.3157476357394,1.21455278625211e-05,0.000114471600104261,106,9.10252492439514e-05,"CD4/8 Naive/Stemlike",1,170
"107",0.180527681014104,11.5213448576199,0.516336238902982,0.545548590298774,0.626011094987429,107,0.617309408614526,"Natural Killer T Cells",0.893203883495146,103
"108",1.82583989757026,11.7390231275303,76.7472661569662,4.04697355931978e-06,8.03004753612398e-05,108,5.80133846578854e-05,"CD4/8 Naive/Stemlike",1,121
"109",0.244845769103582,11.926668078344,0.985987859043554,0.343491918252996,0.457584640216888,109,0.443821090458579,"Mucosal-associated Invariant T Cells",0.719424460431655,139
"110",0.209760145755738,11.4273793592783,0.676894220650768,0.496715801071005,0.583581055432833,110,0.574315925296619,"Mucosal-associated Invariant T Cells",0.875,96
"111",-2.3587292575297,11.4267326047872,40.6018145885896,7.1294527638492e-05,0.000373306068329326,111,0.00030831474924654,"CD4/8 Naive/Stemlike",0.864583333333333,96
"112",0.0770726657774009,11.1531510136539,0.0683031777183513,0.823431135815881,0.867132788275383,112,0.861799683724358,"CD4/8 Naive/Stemlike",0.935897435897436,78
"113",-1.35359406715085,11.7487091700281,21.4795752304574,0.000861089065828708,0.00292459980015696,113,0.0025422266913627,"CD4/8 Naive/Stemlike",0.983606557377049,122
"114",0.338312558547878,11.0488889890663,1.02780840351245,0.337389937606113,0.451049668359945,114,0.437154588480462,"Activated/differentiating T Cells",0.597222222222222,72
"115",0.892551326392057,11.427663080767,9.74625240755387,0.0104806443044383,0.0248503327218442,115,0.0220463935190717,"Mucosal-associated Invariant T Cells",0.65625,96
"116",0.915559757889464,11.084706018412,5.34177306441991,0.0427206304410765,0.0821718248790094,116,0.0761378124290956,"Natural Killer T Cells",0.878378378378378,74
"117",-0.98411589132922,11.5968777021098,14.1947459987716,0.00336273874423111,0.00918661236648644,117,0.00811757957613787,"CD4/8 Naive/Stemlike",0.944954128440367,109
"118",2.08707995404742,11.5981787483746,71.9591359299859,5.80339129579345e-06,8.4149173789005e-05,118,6.37463137433808e-05,"CD4/8 Naive/Stemlike",0.990825688073395,109
"119",0.98286210673055,10.9365931017206,5.90565795479159,0.0347964946418595,0.0694088808464604,119,0.0637644135839387,"Treg",0.96969696969697,66
"120",-0.962250398402122,11.1360072675457,8.57905747543064,0.0143228981403489,0.0323337281371949,120,0.029110847462257,"Natural Killer T Cells",0.948051948051948,77
"121",-2.15892451343488,11.412823292193,40.7478544151028,6.3616903627909e-05,0.000347588009677126,121,0.000284899949694829,"CD4/8 Naive/Stemlike",0.842105263157895,95
"122",0.147366823618335,11.7493121455255,0.215773377634332,0.651948799677628,0.718668706077385,122,0.711094138884609,"Natural Killer T Cells",0.418032786885246,122
"123",-0.985218639229653,11.1528792990165,7.13478333630495,0.0229105369802118,0.0484882602865298,123,0.0438330869731625,"CD4/8 Naive/Stemlike",0.782051282051282,78
"124",-0.258469262287134,11.8764638909689,0.847847970385205,0.378235456291046,0.490016381517953,124,0.478127429547596,"Mucosal-associated Invariant T Cells",0.873134328358209,134
"125",1.9659289088004,11.2821684143608,41.3189076666021,6.62462852449402e-05,0.000356783564819178,125,0.000294922673669441,"Treg",0.965116279069767,86
"126",-0.0216093923624417,10.9363092101157,0.00299845368546241,0.957379369365352,0.965058883023363,126,0.961942869410707,"CD4/8 Naive/Stemlike",1,66
"127",-1.28893357463674,11.4679283026675,15.8551830239273,0.00244944691183725,0.00710339604432803,127,0.00622834545693006,"CD4/8 Naive/Stemlike",1,99
"128",-0.97802618472597,11.3115378954105,10.4573998621912,0.00840989352769375,0.0208587490785562,128,0.0184397650122711,"CD8 Effector Memory",0.909090909090909,88
"129",0.781511515249829,10.8145172772162,3.5124886643547,0.0889192001123854,0.153070951791641,129,0.144225509567899,"Treg",0.633333333333333,60
"130",-1.04428840792403,11.2811633784454,9.85769564646175,0.0101635344122484,0.0244054297669915,130,0.0216076182490958,"CD8 Effector Memory",0.767441860465116,86
"131",0.831048542088781,11.0490368487216,5.72829035415137,0.0370793565382199,0.0735732495521521,131,0.0675365193561418,"CD4/8 Naive/Stemlike",0.986111111111111,72
"132",0.347057356231329,11.3852096925848,1.33150705645658,0.274624059437946,0.386318173164573,132,0.373977617824881,"Natural Killer T Cells",0.526881720430108,93
"133",-0.174633256876657,12.1104636088316,0.75958028971311,0.481165108755084,0.57198266233305,133,0.560744460322644,"CD4/8 Naive/Stemlike",0.993710691823899,159
"134",-0.981412161095993,11.2343800747417,4.28639235676534,0.0644545382325829,0.117388216974318,134,0.108920417754816,"Natural Killer T Cells",0.951807228915663,83
"135",1.36899290750844,11.5729739441711,31.9556210733534,0.000189931223461501,0.000778305122228106,135,0.00065843310823254,"Treg",0.841121495327103,107
"136",-1.54710185198262,11.9741336153988,39.476498743439,8.01765213503786e-05,0.000407598857565417,136,0.000336654027640748,"CD4/8 Naive/Stemlike",0.923611111111111,144
"137",0.187396858672093,11.1363005948157,0.35426956215244,0.586694637498262,0.660952059136707,137,0.654225740792891,"Natural Killer T Cells",0.844155844155844,77
"138",0.49891183410613,12.0490920579257,6.67576045191058,0.0386374967331021,0.0755469535500731,138,0.0696656725260141,"Mucosal-associated Invariant T Cells",0.697368421052632,152
"139",0.312896550110661,11.3268773031306,1.23960447230696,0.325350791188345,0.439784405191995,139,0.425275076237237,"CD4/8 Naive/Stemlike",0.921348314606742,89
"140",0.737813994004507,11.8252744050179,10.963291688462,0.00756843346422245,0.0190219961067458,140,0.016773273816402,"CD4/8 Naive/Stemlike",0.968992248062015,129
"141",-0.0986574505453924,11.1018699059519,0.102198990147674,0.782456185433206,0.835654339683623,141,0.830435208750084,"Mucosal-associated Invariant T Cells",0.546666666666667,75
"142",-0.286812421695334,10.9747021437826,0.351291202915152,0.566175059938061,0.646812113929239,142,0.637717232286182,"CD4/8 Naive/Stemlike",0.970588235294118,68
"143",-1.62750464522572,11.559259921022,21.2700106584854,0.00089204731880266,0.00300269499275538,143,0.00260605436245596,"CD4/8 Naive/Stemlike",0.981132075471698,106
"144",1.15939795318216,11.4688090858841,23.3465640948683,0.000596763650400773,0.00214266567810563,144,0.0018608977293087,"CD4/8 Naive/Stemlike",0.545454545454545,99
"145",2.26065826920171,11.5091859229163,65.2758867338534,9.02367190507582e-06,0.000101437726154915,145,7.88557847850523e-05,"Treg",0.92156862745098,102
"146",2.59964124950329,11.2823665100957,42.4781874411076,5.89584905941376e-05,0.000341959245445998,146,0.000282341174361138,"Treg",0.802325581395349,86
"147",-1.87875580566999,11.0302652986613,14.5873755881779,0.00320499110990949,0.00881957407617429,147,0.00779831223163536,"CD4/8 Naive/Stemlike",1,71
"148",0.102956474986914,11.2346915061329,0.0883142419049676,0.772241784569137,0.827088502223195,148,0.821021590738977,"CD4/8 Naive/Stemlike",0.55421686746988,83
"149",0.406825275303608,11.4952305041586,0.942534792538871,0.353885422818647,0.46977043803743,149,0.456219404362115,"Natural Killer T Cells",0.772277227722772,101
"150",-2.090504257437,11.3557166565307,26.7175701221405,0.000382478953823237,0.0014419456559136,150,0.00123046982197706,"CD8 Effector Memory",0.978021978021978,91
"151",0.892564492858674,11.4276570515672,13.3268852519454,0.00410154642463872,0.0109416646019525,151,0.00967105556699703,"Activated/differentiating T Cells",0.5,96
"152",-2.07131703816789,12.109686291216,80.1029700510139,3.04193454786449e-06,7.64539549696608e-05,152,5.58612663267792e-05,"CD4/8 Naive/Stemlike",0.993710691823899,159
"153",-1.80694459770608,11.8860441572789,52.3737617814898,2.12980629985285e-05,0.000170837654264792,153,0.000140133414133604,"CD4/8 Naive/Stemlike",0.992592592592593,135
"154",-0.213098478296195,11.481679448636,0.339824752197407,0.572478715842629,0.651356804621555,154,0.642372080337531,"Natural Killer T Cells",0.71,100
"155",-0.698263210440864,11.0304744643631,3.30074971462048,0.0984383266705398,0.165675219441042,155,0.156715813955517,"CD4/8 Naive/Stemlike",0.971830985915493,71
"156",2.02807616137111,11.5981557534899,85.0907085106882,2.28830142935912e-06,7.18908032390322e-05,156,5.43426063928099e-05,"CD4/8 Naive/Stemlike",0.981651376146789,109
"157",-0.563178007471982,11.4681215544736,3.22703663061437,0.101793142395229,0.170560065257784,157,0.161142852793248,"CD4/8 Naive/Stemlike",1,99
"158",2.96883736934894,11.4829270522333,130.791283139996,2.88296966358531e-07,5.22260751141407e-05,158,3.89499449599335e-05,"CD4/8 Naive/Stemlike",1,100
"159",-1.27531883370943,11.2811118103562,11.3124225389025,0.00692012936821014,0.0176276268365894,159,0.0155801388777981,"CD4/8 Naive/Stemlike",0.5,86
"160",-0.0462379225510153,11.7712250437262,0.0407313455703362,0.867576460317309,0.895727949085797,160,0.893277520174666,"Mucosal-associated Invariant T Cells",0.669354838709677,124
"161",-0.0377216021017831,11.4133513292722,0.020450280974123,0.905056317547253,0.92467813472985,161,0.921500188133459,"Mucosal-associated Invariant T Cells",0.789473684210526,95
"162",-0.809068998844553,11.6454097688624,11.2619760040748,0.00995386493064093,0.0240551735823822,162,0.0212292438386739,"Mucosal-associated Invariant T Cells",0.849557522123894,113
"163",-2.09048820277248,11.3557115612094,37.0317233047199,9.52989024278033e-05,0.000445421296888476,163,0.000371079047931782,"CD4/8 Naive/Stemlike",0.824175824175824,91
"164",-0.978033550184307,11.3115457876207,9.28735785758583,0.0119188196937593,0.0273987501496784,164,0.0244098262704613,"CD4/8 Naive/Stemlike",0.727272727272727,88
"165",-0.0812189136656763,11.4410885688396,0.0599265027328607,0.811423002975871,0.861708372174376,165,0.854736258966758,"CD4/8 Naive/Stemlike",0.948453608247423,97
"166",0.691121331359815,11.5600571264826,7.79686907452653,0.0185591790114524,0.04091702039367,166,0.0368920947834087,"Treg",0.575471698113208,106
"167",0.402790597848318,11.2348011918703,1.29535891028018,0.280858313928007,0.392161423521698,167,0.380077509098735,"Natural Killer T Cells",0.927710843373494,83
"168",0.63734589204016,11.9940246239105,11.660344784629,0.00910784948751737,0.0222964886804808,168,0.0196551143759685,"CD4/8 Naive/Stemlike",0.979452054794521,146
"169",-0.109600793408855,11.7040966810075,0.249565418561618,0.701374262997467,0.762011807348833,169,0.756232287910319,"CD4/8 Naive/Stemlike",1,118
"170",1.84272411590987,11.5220831268789,45.0817197638112,4.58034985671912e-05,0.000287798649330518,170,0.000233919378256037,"Treg",0.854368932038835,103
"171",0.571922867072809,11.2969187003023,4.5287162618154,0.0711088528828826,0.1255422419246,171,0.117023929158976,"Natural Killer T Cells",0.402298850574713,87
"172",0.73422393975368,11.1364858687419,7.01143885920666,0.0279614502283694,0.0572823170935218,172,0.0521039966907145,"Natural Killer T Cells",0.688311688311688,77
"173",-2.82006409988129,12.2570895572838,141.973648507283,1.92652520525086e-07,5.22260751141407e-05,173,3.89499449599335e-05,"CD4/8 Naive/Stemlike",1,177
"174",-1.27765206147047,11.1859761549664,15.3165210463501,0.00262990855245312,0.0073990710766778,174,0.00649755154004584,"CD4/8 Naive/Stemlike",0.975,80
"175",3.09761455693009,11.0496603278922,67.9737398251905,7.51634231994692e-06,9.4455368487333e-05,175,7.16511248856593e-05,"CD4/8 Naive/Stemlike",0.833333333333333,72
"176",1.54507785948163,11.4554293802643,30.3243056180105,0.000233825093675468,0.000927916424375278,176,0.000783598032200421,"CD4/8 Naive/Stemlike",1,98
"177",-0.0545516827558542,11.2346310746101,0.0306186231155158,0.871968587041081,0.895727949085797,177,0.893277520174666,"Activated/differentiating T Cells",0.506024096385542,83
"178",-0.0970478368262275,11.4950014236195,0.120780226996409,0.752991921092714,0.80977878540509,178,0.80365115156767,"CD4/8 Naive/Stemlike",0.96039603960396,101
"179",0.435820208515263,11.6097005443741,3.54894462885414,0.1252451279765,0.199552680328416,179,0.189472852099088,"Activated/differentiating T Cells",0.463636363636364,110
"180",-0.379193888412094,11.1017976216498,1.43512861532134,0.301245682471454,0.414487672597584,180,0.400429931099491,"CD4/8 Naive/Stemlike",0.893333333333333,75
"181",-2.01458411922685,12.1438276942357,75.8774600499151,3.92104299769947e-06,8.03004753612398e-05,181,5.80133846578854e-05,"CD4/8 Naive/Stemlike",1,163
"182",1.04119394158372,11.3854720850314,16.4711228145352,0.00211845058129124,0.00633853864402221,182,0.0055453561750375,"CD4/8 Naive/Stemlike",1,93
"183",2.30825715289463,11.3570936386103,55.0052801848505,1.93367073151399e-05,0.000161998636840172,183,0.000133789555532356,"Treg",0.956043956043956,91
"184",-0.340794754492086,12.0028138096514,1.62319991756761,0.230657925750539,0.337046658945555,184,0.323463688698501,"CD4/8 Naive/Stemlike",1,147
"185",-1.95089493946018,12.2416242301465,87.1447942397111,2.04400101380272e-06,7.18908032390322e-05,185,5.43426063928099e-05,"CD4/8 Naive/Stemlike",1,175
"186",-1.73208882179929,12.0570219606194,47.6785959255173,3.60292351287269e-05,0.000246964029882364,186,0.000199492188238303,"CD4/8 Naive/Stemlike",1,153
"187",-0.252425207495989,11.5971243824076,0.656200280962225,0.436230458244584,0.533957411552624,187,0.525830620435316,"Mucosal-associated Invariant T Cells",0.587155963302752,109
"188",0.824823126278456,11.6814503013991,16.8225517739737,0.00240748277806515,0.00703582176225242,188,0.00618181742182521,"Mucosal-associated Invariant T Cells",0.698275862068966,116
"189",0.501175941025274,11.6339779736902,5.70001132040875,0.0741852872737214,0.130083038614851,189,0.121384844809699,"Mucosal-associated Invariant T Cells",0.848214285714286,112
"190",0.761376582461586,10.7270402149136,2.3910251337656,0.152201908563763,0.234204569504239,190,0.223584615519859,"Treg",0.375,56
"191",2.34322364873952,11.6468209018966,120.364456139114,4.32641641398258e-07,5.22260751141407e-05,191,3.97778098287067e-05,"CD4/8 Naive/Stemlike",1,113
"192",0.282341572686624,11.2188014780544,1.00818246465682,0.395033176257869,0.503133471112219,192,0.490404485230168,"Mucosal-associated Invariant T Cells",0.731707317073171,82
"193",0.0284895620479831,11.3267866678646,0.0104816939808799,0.930118643950812,0.94262023862757,193,0.941206664156493,"Natural Killer T Cells",0.662921348314607,89
"194",-0.975004835065346,11.3847624393703,7.87325859093989,0.0181242430294117,0.0401931742475778,194,0.0361417245466655,"CD4/8 Naive/Stemlike",1,93
"195",-0.242868111172263,11.2503398982208,0.612625977301751,0.477980822225263,0.570249272085203,195,0.560237410963568,"CD4/8 Naive/Stemlike",0.976190476190476,84
"196",0.680871797858792,11.0846183703139,4.69613462749129,0.0544455371708645,0.101613700561465,196,0.0937980175072417,"CD4/8 Naive/Stemlike",1,74
"197",0.133566358064346,11.6576599409943,0.377864249922092,0.639353864339019,0.709656609683084,197,0.701280003005214,"Mucosal-associated Invariant T Cells",0.37719298245614,114
"198",1.55935128927149,11.1367660397802,25.1508476299202,0.000481139127907141,0.00177832795314698,198,0.00152384360697863,"Mucosal-associated Invariant T Cells",0.48051948051948,77
"199",-0.549005743836624,11.2812835143165,3.50382715515204,0.115644521222537,0.187922346986623,199,0.178713420760031,"CD4/8 Naive/Stemlike",0.895348837209302,86
"200",-1.42666304800112,11.3988843603081,19.2132594878348,0.00127904989936837,0.00408645603442266,200,0.00357979803759487,"CD4/8 Naive/Stemlike",0.978723404255319,94
"201",-1.8844326547517,11.7706118961926,44.7863571391467,4.71053151909102e-05,0.000291126292245461,201,0.000235779263223208,"CD4/8 Naive/Stemlike",0.887096774193548,124
"202",0.13505351397407,11.6217361881756,0.368004954433604,0.64000861350729,0.709656609683084,202,0.701280003005214,"CD4/8 Naive/Stemlike",0.981981981981982,111
"203",-0.646131731510972,12.1859183517881,12.1800624968421,0.010674398087653,0.0251515504940325,203,0.0222734966313137,"CD4/8 Naive/Stemlike",1,168
"204",-2.08308120122349,12.3551707108437,99.5364883828953,1.19631667994619e-06,5.63764235424641e-05,204,4.41046304363014e-05,"CD4/8 Naive/Stemlike",0.989473684210526,190
"205",-0.484459895050268,11.4131933547362,2.64008938440339,0.141985931342337,0.22303623381692,205,0.212651077458651,"Mucosal-associated Invariant T Cells",0.778947368421053,95
"206",2.59664813859498,11.219581017176,88.9430665141062,1.85525371234056e-06,7.18908032390322e-05,206,5.43426063928099e-05,"CD4/8 Naive/Stemlike",0.951219512195122,82
"207",-0.151839602449834,11.2966658510481,0.259069677043167,0.648981447276929,0.717495617663936,207,0.709645501087626,"Mucosal-associated Invariant T Cells",0.563218390804598,87
"208",-0.678436067175116,11.1696225025251,4.82362029731473,0.0660529394077717,0.118086727357445,208,0.11016209382503,"Mucosal-associated Invariant T Cells",0.810126582278481,79
"209",0.676837693219428,11.4136243736445,7.30514201067864,0.0249530822416975,0.0516885275006591,209,0.0468556103788925,"CD4/8 Naive/Stemlike",0.631578947368421,95
"210",2.20462534343399,11.136968798994,38.9477413892069,8.48039191187659e-05,0.00042067207247072,210,0.000351727058389874,"Treg",0.792207792207792,77
"211",1.88633725295869,11.5478816654783,43.1340613857582,5.52600967671784e-05,0.000336017040019779,211,0.000274464817641036,"Treg",0.666666666666667,105
"212",-1.25285560445743,11.5967957378728,22.9768041207754,0.000633500810192833,0.00225311137210092,212,0.00195312332182172,"CD4/8 Naive/Stemlike",0.990825688073395,109
"213",-0.438071680673395,10.7711642480851,0.8763294051013,0.370197435549518,0.482921914194354,213,0.471132787357892,"T Helper",0.827586206896552,58
"214",-2.85912676765874,11.4810966703844,52.9973152598831,2.2764372613092e-05,0.000178795176565327,214,0.000146025668459601,"CD4/8 Naive/Stemlike",0.99,100
"215",0.927251753186168,11.4687096205328,14.6030064535719,0.00307076575657942,0.00851234331051796,215,0.00753656701980603,"Mucosal-associated Invariant T Cells",0.666666666666667,99
"216",-1.82161063760058,11.13584786268,20.9663720274505,0.000939300762528835,0.00307927293455105,216,0.00269104221405451,"CD4/8 Naive/Stemlike",1,77
"217",-2.55369749516118,11.2182098202805,35.1921147575975,0.000128716077560629,0.000570893661651259,217,0.000477752586346195,"CD4/8 Naive/Stemlike",0.914634146341463,82
"218",-0.72293120760449,10.8764481303672,2.48129003964344,0.145414694914748,0.226534462739091,218,0.215679945396491,"CD4/8 Naive/Stemlike",0.984126984126984,63
"219",-0.0718168177113822,11.52124313094,0.0579756757195191,0.814452447981938,0.862495991261772,219,0.85606463845954,"Mucosal-associated Invariant T Cells",0.961165048543689,103
"220",0.962103870155594,11.5346264533321,13.3175710023901,0.0042598711867982,0.011230569492468,220,0.00991594277109598,"CD4/8 Naive/Stemlike",1,104
"221",-1.48302395927774,11.6211876436712,31.6534686465702,0.000181888006425024,0.000753536026617955,221,0.000633866266723527,"CD4/8 Naive/Stemlike",0.792792792792793,111
"222",1.62424977753503,11.251000032151,36.9961083190335,9.56835509976289e-05,0.000445421296888476,222,0.000371079047931782,"CD4/8 Naive/Stemlike",1,84
"223",-0.901074184482475,11.5969062667844,10.7567026529364,0.00798648550127208,0.0199397684369508,223,0.0175742463495291,"CD4/8 Naive/Stemlike",0.981651376146789,109
"224",-1.45115376601129,11.8961925913426,32.7264945956093,0.000172652079426455,0.000727177800300187,224,0.00061093218426528,"CD4/8 Naive/Stemlike",0.985294117647059,136
"225",0.191767986900245,11.084469579523,0.380855706258659,0.585288337280372,0.660952059136707,225,0.653494252997966,"CD4/8 Naive/Stemlike",0.986486486486487,74
"226",0.642806281935643,11.4953108998542,7.12752089431226,0.0284132448182721,0.0572823170935218,226,0.0523212006729901,"CD4/8 Naive/Stemlike",1,101
"227",-0.715623004605663,11.3990430525837,4.49064207152364,0.059340678868463,0.109189568300991,227,0.10078547626192,"CD4/8 Naive/Stemlike",0.819148936170213,94
"228",2.58737686639446,11.4421316654801,73.8680885309071,5.15012776654361e-06,8.4149173789005e-05,228,6.31305878531708e-05,"Treg",0.948453608247423,97
"229",-1.33395247306739,11.3264072293951,17.7479935616873,0.00160216671597778,0.00493974475628344,229,0.00431825490265419,"CD4/8 Naive/Stemlike",0.98876404494382,89
"230",-1.69783614412322,11.9549879476946,50.4884063014785,2.50602148591902e-05,0.000188954020038294,230,0.000152519796807097,"CD4/8 Naive/Stemlike",0.992957746478873,142
"231",-0.19907048980187,11.6456357271166,0.775912479366604,0.498874168135238,0.583581055432833,231,0.574315925296619,"Mucosal-associated Invariant T Cells",0.911504424778761,113
"232",-0.371344233140972,11.633601932027,2.45490821829414,0.216697447959768,0.319120851097002,232,0.306444475450911,"Mucosal-associated Invariant T Cells",0.669642857142857,112
"233",0.346115779104128,11.5973914895969,1.0661576278589,0.325463790579752,0.439784405191995,233,0.425275076237237,"Natural Killer T Cells",0.623853211009174,109
"234",-0.0595674882663097,11.1862731668031,0.0447324469013399,0.86287983857899,0.895727949085797,234,0.8923164651339,"CD4/8 Naive/Stemlike",1,80
"235",0.731541262313252,10.9749897356511,4.23226162544921,0.0654435682018555,0.118086727357445,235,0.11016209382503,"CD4+ Helper T Lymphocytes",0.573529411764706,68
"236",-0.107892069021967,11.8457407099369,0.222922289459622,0.690897947620456,0.754981235515687,236,0.748772506056992,"Mucosal-associated Invariant T Cells",0.977099236641221,131
"237",0.752788702695859,11.7933310669515,12.2184142537187,0.00552525668097168,0.0141702161137845,237,0.0124891892687274,"Mucosal-associated Invariant T Cells",0.817460317460317,126
"238",0.101237105406691,11.3268064151328,0.137469475418738,0.753931972618532,0.80977878540509,238,0.80365115156767,"Natural Killer T Cells",0.820224719101124,89
"239",0.201931132682439,11.2660920707402,0.443385512202138,0.538069611281531,0.624160749086576,239,0.614339294008072,"Mucosal-associated Invariant T Cells",0.505882352941176,85
"240",-0.216417036060764,11.119116141938,0.395036953370348,0.546306764584222,0.626011094987429,240,0.617309408614526,"CD8 Activated/differentiating",0.31578947368421,76
"241",1.14450779045378,11.1535066757279,12.9401004104232,0.00465079374844238,0.0120092413915259,241,0.0105567969812896,"CD4/8 Naive/Stemlike",0.987179487179487,78
"242",1.36943625891627,11.2972259856677,21.0382970487901,0.000927842013997834,0.00307927293455105,242,0.00269104221405451,"Mucosal-associated Invariant T Cells",0.344827586206897,87
"243",0.921710467774062,11.6580411412757,16.1345902315994,0.00231288409223714,0.00681216642791719,243,0.00597032424841825,"Mucosal-associated Invariant T Cells",0.736842105263158,114
"244",-1.73269323478969,11.7374793860954,36.9330770601769,0.000105630583910605,0.000479791929328894,244,0.000398746248724366,"CD4/8 Naive/Stemlike",1,121
"245",-1.68068841891052,11.7815393099927,41.6508089536984,5.79287756049433e-05,0.000341959245445998,245,0.000281754347272699,"CD4/8 Naive/Stemlike",1,125
"246",-0.777962523978883,11.3115834340882,5.71275590368641,0.0372878679878022,0.0735996137769709,246,0.0677704749463037,"Natural Killer T Cells",0.829545454545455,88
"247",-0.184406499398538,10.9747451250207,0.167545043360015,0.690689988947893,0.754981235515687,247,0.748772506056992,"Other T Cells",0.926470588235294,68
"248",-0.555779656524564,11.0842719807491,1.92859314770245,0.194224881611037,0.289418104218818,248,0.277354752075173,"Other T Cells",0.594594594594595,74
"249",-0.0125834233745927,11.441093909484,0.00175689101809497,0.967882690664129,0.970250928966125,249,0.9692061019167,"Mucosal-associated Invariant T Cells",0.989690721649485,97
"250",-1.71832071412802,11.6332043683337,38.4823720771188,8.10873058817143e-05,0.000407598857565417,250,0.000337940603483716,"CD8 Effector Memory",0.991071428571429,112
"251",1.17065024940493,11.7047264092861,26.369620742439,0.000402121685816106,0.00150098886685814,251,0.00127876942265396,"CD4/8 Naive/Stemlike",1,118
"252",-0.79864144841535,11.3265343002912,4.32665750444969,0.0634046869080378,0.116036732836555,252,0.107371655653058,"T Helper",0.50561797752809,89
"253",0.606861973009724,11.202784012615,3.58601971137085,0.0866887301279517,0.149915831459806,253,0.14090794698133,"Mucosal-associated Invariant T Cells",0.962962962962963,81
"254",1.61410154100168,11.3568346504334,38.2468177299187,8.77408022008749e-05,0.000424328102275837,254,0.000354489441823755,"CD4/8 Naive/Stemlike",0.615384615384615,91
"255",-0.505406719932513,11.8965383692667,4.04353528659062,0.0712627049651574,0.1255422419246,255,0.117023929158976,"CD4/8 Naive/Stemlike",1,136
"256",0.594457457451029,11.3564371962314,5.10205099672687,0.054829210121863,0.101825675940603,256,0.0941429704222454,"Mucosal-associated Invariant T Cells",0.857142857142857,91
"257",-0.180207687181849,11.4132964947691,0.481267224101482,0.573608644918717,0.651356804621555,257,0.642372080337531,"CD4/8 Naive/Stemlike",1,95
"258",1.02888471711339,10.9939441761224,6.49672857781209,0.0283284861779214,0.0572823170935218,258,0.0523212006729901,"CD4+ Helper T Lymphocytes",0.768115942028985,69
"259",-0.01747614472778,10.9936460893962,0.0023659165821337,0.962304294635718,0.967436584207109,259,0.965461688662878,"Activated/differentiating T Cells",0.420289855072464,69
"260",2.82221659159539,11.3128258533665,61.3199024228739,1.19435283465456e-05,0.000114471600104261,260,9.10252492439514e-05,"Treg",0.909090909090909,88
"261",0.490115846960828,11.4135539464451,3.42998134074744,0.107750063567146,0.17661640854267,261,0.167844184663102,"Mucosal-associated Invariant T Cells",0.526315789473684,95
"262",-0.460136495976194,11.2813083802761,2.52507267304625,0.183163883132247,0.276211135763429,262,0.264448971795233,"CD4/8 Naive/Stemlike",0.941860465116279,86
"263",-0.309369070289682,11.1190996170728,0.781373812989039,0.396896839855374,0.503805079547057,263,0.491910907315618,"Natural Killer T Cells",0.973684210526316,76
"264",-1.08364135654594,11.1359786916752,11.0700590791769,0.0071514376031149,0.0180945770226464,264,0.015981720004555,"CD4/8 Naive/Stemlike",0.987012987012987,77
"265",-0.286491663370394,11.3849747672921,1.16999981137083,0.380752031662101,0.491587383344562,265,0.480648282724884,"Mucosal-associated Invariant T Cells",0.827956989247312,93
"266",1.19430181759543,11.3997606104027,23.3820772614263,0.0005933707463625,0.00214266567810563,266,0.0018608977293087,"CD4/8 Naive/Stemlike",0.361702127659574,94
"267",-0.386457214672598,10.8966941974969,0.916412945480385,0.359897571296872,0.474621210150794,267,0.461888728152874,"T Helper",0.671875,64
"268",0.287523200965047,11.3416743847869,0.972225263085151,0.364294899053574,0.476872142163879,268,0.464466722315444,"Mucosal-associated Invariant T Cells",0.833333333333333,90
"269",-2.56415394009717,11.7595156060291,77.9335084601607,3.46010935483629e-06,8.03004753612398e-05,269,5.80133846578854e-05,"CD4/8 Naive/Stemlike",1,123
"270",-0.668561653965718,11.4270787119443,6.01883008621931,0.0458650382228443,0.0877721797462553,270,0.0812199681160652,"CD4/8 Naive/Stemlike",0.677083333333333,96
"271",-1.14412958627208,12.3772166990296,34.4314313948019,0.000140671494492097,0.000609576476132418,271,0.000508904224780678,"CD4/8 Naive/Stemlike",0.994818652849741,193
"272",1.57237360455736,11.1024020921723,19.3264182018043,0.00125308935780552,0.00403773237515112,272,0.00354546562145874,"CD4+ Helper T Lymphocytes",0.733333333333333,75
"273",0.193876658084962,11.3562856721381,0.545192189031149,0.541137561353602,0.625794051013214,273,0.615714731768831,"CD4/8 Naive/Stemlike",0.879120879120879,91
"274",-0.692252082079567,11.2502174155026,3.47080518229644,0.0912111609792282,0.155669155942589,274,0.147297945080663,"Natural Killer T Cells",0.892857142857143,84
"275",0.0549294260271102,11.4411211203624,0.0307347571938776,0.864234000432474,0.895727949085797,275,0.8923164651339,"CD4/8 Naive/Stemlike",0.979381443298969,97
"276",0.0525973068921235,11.311834392086,0.0320410963662189,0.871836789462374,0.895727949085797,276,0.893277520174666,"CD4/8 Naive/Stemlike",0.522727272727273,88
"277",-0.723068928965272,10.8764485919707,2.78060697584832,0.12486132053562,0.199552680328416,277,0.189472852099088,"CD4/8 Naive/Stemlike",0.952380952380952,63
"278",0.643541069703145,10.8355433869593,2.58446057769996,0.137481877377833,0.216864718708967,278,0.206510452691281,"Activated/differentiating T Cells",0.836065573770492,61
"279",-1.67215917596893,11.1527494022105,21.833907540461,0.000765381993783372,0.00267043739780798,279,0.00231523673000618,"CD8 Effector Memory",0.948717948717949,78
"280",-0.726285811278364,11.6923645570536,7.2849390219992,0.0218238192744615,0.0472849417613332,280,0.0427828325156685,"CD4/8 Naive/Stemlike",0.905982905982906,117
"281",0.310616671016999,11.5849712095685,1.61441698029349,0.282650958510311,0.393208159994049,281,0.38036559747779,"CD4/8 Naive/Stemlike",0.990740740740741,108
"282",-0.329612455473934,11.5596224821375,1.85149022233388,0.283974151348314,0.393596525949686,282,0.38036559747779,"CD4/8 Naive/Stemlike",0.971698113207547,106
"283",-2.71448886446015,11.3556397742856,42.4908045828286,5.88846040773417e-05,0.000341959245445998,283,0.000282341174361138,"CD8 Effector Memory",0.967032967032967,91
"284",-0.350898611647827,11.2658984841192,0.912618620846787,0.361316411971559,0.474621210150794,284,0.461888728152874,"CD4/8 Naive/Stemlike",0.988235294117647,85
"285",-0.0455604714255871,11.3267706374128,0.0139148423470447,0.908368471994855,0.925553821465028,285,0.922510480602066,"CD4/8 Naive/Stemlike",0.471910112359551,89
"286",0.248643019716781,11.6217812564596,1.1652281037181,0.385331293858643,0.495456103405984,286,0.482551413922166,"CD4/8 Naive/Stemlike",1,111
"287",1.59519592330442,11.2352212592112,28.7531772422245,0.00028805079667425,0.00110811377904278,287,0.000941866421187121,"Treg",0.987951807228916,83
"288",0.505912560617918,11.0489359580819,2.5124855598993,0.147347521910392,0.228600887902131,288,0.217620666674986,"CD4/8 Naive/Stemlike",0.972222222222222,72
"289",-0.678438964498661,11.1696215706528,4.73613990172616,0.0660529394088403,0.118086727357445,289,0.11016209382503,"CD4/8 Naive/Stemlike",0.949367088607595,79
"290",2.36906564228718,11.6227648837436,113.412280334132,6.41913668618188e-07,5.22260751141407e-05,290,4.33816133773393e-05,"CD4/8 Naive/Stemlike",1,111
"291",-0.981403832098174,11.2343889108416,9.70695818306413,0.010333230517225,0.0246558728164167,291,0.0218114151102208,"CD4/8 Naive/Stemlike",1,83
"292",0.733087538142874,11.5085337468739,7.19702916626676,0.0224522705187012,0.0478220677149737,292,0.043273712812064,"CD4/8 Naive/Stemlike",0.53921568627451,102
"293",3.03599051055372,11.4004110926852,109.271990475993,8.31184219323194e-07,5.22260751141407e-05,293,4.38136887417888e-05,"Treg",0.872340425531915,94
"294",-2.47604780830651,11.1526485585482,40.7852591666832,6.33684270285484e-05,0.000347588009677126,294,0.000284899949694829,"CD4/8 Naive/Stemlike",0.935897435897436,78
"295",2.21547383295204,11.0313042952784,34.839438694824,0.000134101431174471,0.000587863250613671,295,0.000492411301335809,"CD4/8 Naive/Stemlike",0.929577464788732,71
"296",-1.11092105985033,11.5593721036157,17.9194383630974,0.00154983094076056,0.00482881210468373,296,0.00423662226126284,"CD8 Effector Memory",0.830188679245283,106
"297",-1.05189938394779,11.7708391402711,15.7331302884268,0.00251212302544371,0.00717477561054756,297,0.00628257319869693,"CD4/8 Naive/Stemlike",1,124
"298",-0.315992771624345,10.9935672797326,0.774615871889526,0.405470722888662,0.507848712721015,298,0.498154149413976,"Mucosal-associated Invariant T Cells",0.91304347826087,69
"299",-0.216430204234049,11.1191221747029,0.44628164305745,0.546306764591151,0.626011094987429,299,0.617309408614526,"CD4/8 Naive/Stemlike",1,76
"300",0.338890905122429,11.4274341980368,1.54671030061702,0.267972043715013,0.38262784744771,300,0.370459087570415,"Mucosal-associated Invariant T Cells",0.375,96
"301",0.244227801927894,11.6577091662315,1.18891173543746,0.387691115397256,0.495456103405984,301,0.482551413922166,"CD4/8 Naive/Stemlike",0.868421052631579,114
"302",-0.25523849616487,11.2025234461454,0.681092319185038,0.464463166849596,0.561226326609929,302,0.552761180833123,"Natural Killer T Cells",1,81
"303",2.06695365913069,11.5479479336372,82.8931431906482,2.58918632208746e-06,7.50864033405364e-05,303,5.58612663267792e-05,"CD4/8 Naive/Stemlike",1,105
"304",-0.96502748513866,11.0485633128102,5.54545273161389,0.039626674413051,0.0766115705318986,304,0.0708076659951127,"T Helper",0.638888888888889,72
"305",0.515510674389264,11.3994814913937,4.24714950361331,0.091948810365983,0.155669155942589,305,0.147297945080663,"Mucosal-associated Invariant T Cells",0.819148936170213,94
"306",2.44360118968684,11.2354949312923,49.9387586668377,2.94939855453976e-05,0.000205911713900276,306,0.000167364842431174,"Treg",0.963855421686747,83
"307",2.66626147998724,11.0675039194949,69.8755302436125,5.75131912024828e-06,8.4149173789005e-05,307,6.37463137433808e-05,"Treg",0.780821917808219,73
"308",-1.95613628149501,12.0114778131266,52.0192222194918,2.46951463859245e-05,0.000188954020038294,308,0.000152519796807097,"CD4/8 Naive/Stemlike",1,148
"309",0.416556265238249,11.4549429629763,2.69889328287986,0.166897678707939,0.253711390616505,309,0.242363482423933,"Mucosal-associated Invariant T Cells",0.948979591836735,98
"310",-0.0596325541257136,11.4272840908809,0.0469574701990717,0.849941012205162,0.887611527981568,310,0.883765298226646,"Natural Killer T Cells",0.947916666666667,96
"311",-0.464103978267901,11.3991157601966,1.6517194712075,0.226887216184169,0.332826772379111,311,0.319959800053645,"Mucosal-associated Invariant T Cells",0.978723404255319,94
"312",0.635287266949039,11.0669011758975,4.20376265233615,0.0660909800329466,0.118086727357445,312,0.11016209382503,"CD4/8 Naive/Stemlike",0.958904109589041,73
"313",-1.60371594765758,10.8140492212001,7.40946655436357,0.0209696365151903,0.0456968379550678,313,0.041394406587867,"T Helper",0.35,60
"314",0.583433193507357,11.3269753669467,3.44948172988022,0.0920801638599399,0.155669155942589,314,0.147297945080663,"Mucosal-associated Invariant T Cells",0.966292134831461,89
"315",0.84373882161712,11.6461135698669,9.32172138606087,0.0118032066924521,0.0272994412457327,315,0.0242986102348369,"CD4/8 Naive/Stemlike",0.982300884955752,113
"316",-1.02040755883572,10.9934073482557,3.83015609461577,0.0779924949394331,0.136125789778548,316,0.127398614814866,"T Helper",0.507246376811594,69
"317",-2.74537526392246,11.584142821507,66.5393657229541,7.20727767863268e-06,9.36946098222248e-05,317,7.05580016657821e-05,"CD4/8 Naive/Stemlike",0.981481481481482,108
"318",-1.44450378181704,11.4129503428236,21.7821742465652,0.000772089327217691,0.00267043739780798,318,0.00231523673000618,"CD4/8 Naive/Stemlike",0.989473684210526,95
"319",0.855596050826335,11.3853923619071,9.42654095623981,0.0114588056538702,0.02666647982413,319,0.0237800858723454,"Mucosal-associated Invariant T Cells",0.817204301075269,93
"320",-1.5625364433194,11.0663723576687,16.6765865898574,0.0019815632938345,0.00597639489420485,320,0.00523564528978434,"CD4/8 Naive/Stemlike",1,73
"321",-0.0135042380256358,11.0487885603208,0.00156132553767883,0.970250928966125,0.970250928966125,321,0.970250928966125,"CD8 Effector Memory",0.527777777777778,72
"322",0.0417642043002779,11.749247576613,0.0406095968130584,0.880406728538436,0.901938414834213,322,0.898276856394627,"CD4/8 Naive/Stemlike",1,122
"323",-0.0818567827144108,12.0487494688635,0.116165500149668,0.744864961881373,0.806937042038154,323,0.800204667806927,"CD4/8 Naive/Stemlike",0.986842105263158,152
"324",-0.269147547503804,11.6925153070226,0.817198412204775,0.386667057586305,0.495456103405984,324,0.482551413922166,"CD4/8 Naive/Stemlike",1,117
"325",0.127439861811503,11.2660690537327,0.172576967437891,0.699135136031313,0.76177441122487,325,0.756232287910319,"Natural Killer T Cells",0.941176470588235,85
"326",0.365514457243801,11.6812191360075,1.42825616058016,0.258856074735315,0.371059848574958,326,0.358952381837921,"Mucosal-associated Invariant T Cells",0.827586206896552,116
"327",0.238050828493593,11.3708018128098,0.862153664892115,0.449184435945634,0.546266233391948,327,0.537592049909885,"Mucosal-associated Invariant T Cells",0.826086956521739,92
"328",-0.769559430652061,11.2344363292104,5.60316393480347,0.0388002103448692,0.0755469535500731,328,0.0696656725260141,"CD4/8 Naive/Stemlike",0.975903614457831,83
"329",0.728281258157239,11.2506733988313,5.59783618767866,0.0388756206597193,0.0755469535500731,329,0.0696656725260141,"Mucosal-associated Invariant T Cells",0.476190476190476,84
"330",0.322514046210256,11.3993966492951,0.76389579355455,0.402042054177396,0.505232848082927,330,0.49486029460922,"CD4/8 Naive/Stemlike",0.98936170212766,94
"331",0.381595339165752,11.3269193643189,1.36537935436985,0.268955913988443,0.38262784744771,331,0.371022821156059,"Natural Killer T Cells",0.955056179775281,89
"332",0.298425251159351,11.4134696017566,1.37595409715939,0.333101535927122,0.448386722948976,332,0.433247196570966,"CD4/8 Naive/Stemlike",1,95
"333",-0.256250322342968,11.0843442843142,0.638549740224296,0.482468134275623,0.57198266233305,333,0.560744460322644,"CD4/8 Naive/Stemlike",0.959459459459459,74
"334",0.50304011833753,11.3709091779162,3.18533886067645,0.103967130773131,0.172667877980046,334,0.16317541318931,"CD4/8 Naive/Stemlike",1,92
"335",2.58062331494331,11.6349367747531,111.040919858419,7.70233187493555e-07,5.22260751141407e-05,335,4.33816133773393e-05,"CD4/8 Naive/Stemlike",1,112
"336",-0.736428134476167,11.1360616556268,5.0223538902414,0.0503266489717855,0.0948657333118157,336,0.0877875523149232,"CD4/8 Naive/Stemlike",1,77
"337",0.115527115333061,11.6338100333819,0.197473598840351,0.6882616505417,0.754981235515687,337,0.747951829733478,"CD4/8 Naive/Stemlike",0.991071428571429,112
"338",-1.07067335765416,11.0304021806285,6.51421834886904,0.028160473334254,0.0572823170935218,338,0.0522385179689729,"CD4/8 Naive/Stemlike",0.830985915492958,71
"339",1.59095075053645,11.1536452725909,24.8788654272339,0.00050123145310699,0.00183460444486733,339,0.00158198202349742,"Mucosal-associated Invariant T Cells",0.538461538461538,78
"340",1.04118320650485,11.3854706809144,16.304914777576,0.0022341090161527,0.00663196141015407,340,0.00579572360062474,"CD4/8 Naive/Stemlike",0.946236559139785,93
"341",0.881421301905194,11.7272949049676,19.4543974275652,0.00116176380094898,0.00377573235308418,341,0.00329309354615881,"CD4/8 Naive/Stemlike",0.991666666666667,120
"342",0.962132208945877,11.1701194665856,13.3063436182609,0.00412126359012533,0.0109416646019525,342,0.00967105556699703,"CD4/8 Naive/Stemlike",0.987341772151899,79
"343",0.983448898755221,11.4414982338521,13.8239658512214,0.00379552978632541,0.0102208194960334,343,0.00901268042388384,"CD4/8 Naive/Stemlike",0.979381443298969,97
"344",-0.157306885996839,11.5341559814743,0.403766245538821,0.606701941367074,0.678714041232603,344,0.671335064180023,"CD4/8 Naive/Stemlike",0.951923076923077,104
"345",1.34610477528575,11.0671260027052,15.7979059129673,0.00247862339271626,0.00713313755003077,345,0.0062554588139502,"CD4/8 Naive/Stemlike",0.767123287671233,73
"346",-2.73158163069909,11.1357590801073,33.4425765034892,0.000158260032341791,0.000678000365827902,346,0.000569050301097319,"CD8 Effector Memory",0.974025974025974,77
"347",-2.94809807446062,11.5590583659634,50.048074372616,2.92155518104546e-05,0.000205911713900276,347,0.000167364842431174,"CD4/8 Naive/Stemlike",0.981132075471698,106
"348",1.89929464900878,11.3274863098057,55.8865430012455,1.59325317869695e-05,0.000143013440087797,348,0.000113450359174841,"CD4/8 Naive/Stemlike",1,89
"349",2.1102417763814,11.4556541562133,56.039051240019,1.78137016095559e-05,0.000152631034245513,349,0.000124432422471497,"Treg",0.826530612244898,98
"350",1.45361779480739,11.2351626808659,29.7647387446156,0.000232936422721993,0.000927916424375278,350,0.000783598032200421,"CD4/8 Naive/Stemlike",0.987951807228916,83
"351",-2.0304730389589,12.0747399475127,73.2518405556486,4.62054151653319e-06,8.29497215110959e-05,351,5.93480465175233e-05,"CD4/8 Naive/Stemlike",1,155
"352",0.0770608264285754,11.1019210571287,0.054060649050917,0.826805074877813,0.868260482531854,352,0.862645375865206,"CD4/8 Naive/Stemlike",0.96,75
"353",0.647179110510927,11.1021044612776,4.19047832638497,0.0670430371084379,0.119222759386231,353,0.111155728534972,"CD4/8 Naive/Stemlike",0.933333333333333,75
"354",0.338321246733187,11.0488917853081,0.917125441187076,0.360182036911544,0.474621210150794,354,0.461888728152874,"Natural Killer T Cells",0.819444444444444,72
"355",-0.388748048646686,11.6455468013364,1.34172440997498,0.272896946583991,0.385326400232826,355,0.37258856380181,"CD4/8 Naive/Stemlike",1,113
"356",-0.310822497562456,11.546912762404,1.17223971638159,0.313686755230038,0.426931071208353,356,0.412495313908022,"CD4/8 Naive/Stemlike",0.99047619047619,105
"357",-0.394302324661059,11.5080607624152,1.350687034282,0.271394347066238,0.384645371593878,357,0.372451395916459,"CD4/8 Naive/Stemlike",0.980392156862745,102
"358",-0.975026563845625,11.3847800727104,10.1233714955626,0.00945297709175148,0.0229920797650988,358,0.0202305263369074,"CD4/8 Naive/Stemlike",0.989247311827957,93
"359",0.018575231585288,11.6216869478973,0.00709545303862203,0.949168116262594,0.959346862817688,359,0.957035970362925,"CD4/8 Naive/Stemlike",0.936936936936937,111
"360",-0.744183637186704,11.4814928891006,6.14493364621502,0.031981660082859,0.0641334353789246,360,0.0587448781658442,"Natural Killer T Cells",0.98,100
"361",-1.73199577358614,12.1269580740061,41.9420178562625,6.22032552344384e-05,0.000347588009677126,361,0.000284899949694829,"CD4/8 Naive/Stemlike",0.950310559006211,161
"362",2.12879611669318,11.5479779307027,72.2504510715982,5.69755944893975e-06,8.4149173789005e-05,362,6.37463137433808e-05,"CD4/8 Naive/Stemlike",0.980952380952381,105
"363",-1.03741804717286,10.7927584888974,3.74366180341312,0.0809438154983587,0.140625891441849,363,0.131984021218568,"Natural Killer T Cells",0.728813559322034,59
"364",-0.858049596690209,10.8764344012647,3.15177761584724,0.105367590757059,0.17422623559391,364,0.165034221271442,"CD4/8 Naive/Stemlike",0.492063492063492,63
"365",1.96962013659054,11.3275088526274,53.4775393823055,2.07625401753195e-05,0.000170162557523814,365,0.000140133414133604,"CD4/8 Naive/Stemlike",0.955056179775281,89
"366",0.26337412406589,11.5083218487186,0.955908365447712,0.377371665290716,0.490016381517953,366,0.478127429547596,"CD4/8 Naive/Stemlike",0.607843137254902,102
"367",0.809518332989021,11.1365107360572,8.147415751446,0.0163257110725736,0.0364188939311258,367,0.0328082070487154,"CD4/8 Naive/Stemlike",0.337662337662338,77
"368",0.884465541313221,11.1365281766715,9.0844100115079,0.0126301550520936,0.0286841473171041,368,0.0257384642723298,"Activated/differentiating T Cells",0.597402597402597,77
"369",-0.47682212609224,11.0305265370367,1.58801975963234,0.235426687442915,0.341368696792227,369,0.328879556204736,"Mucosal-associated Invariant T Cells",0.309859154929577,71
"370",-0.091976923462683,11.6926065359064,0.184102543378826,0.748266524253814,0.808299368606556,370,0.801685679117782,"Mucosal-associated Invariant T Cells",0.512820512820513,117
"371",0.205817890911767,11.4684042817751,0.629045020141687,0.498425079857115,0.583581055432833,371,0.574315925296619,"Mucosal-associated Invariant T Cells",0.878787878787879,99
"372",-4.06527315567473,11.1525509673099,62.6397714751722,9.50456683292483e-06,0.000102377762743219,372,7.99728828269378e-05,"CD4/8 Naive/Stemlike",0.858974358974359,78
"373",-0.50415149833535,11.2502699441526,2.9898389441514,0.151307229836792,0.233782072329798,373,0.222709377343279,"CD4/8 Naive/Stemlike",0.726190476190476,84
"374",0.252716451634921,11.0488641118398,0.548335807464101,0.47612440449485,0.570249272085203,374,0.560237410963568,"CD4/8 Naive/Stemlike",0.972222222222222,72
"375",-0.420004671268423,11.6215069430555,2.73784207233835,0.166306485565884,0.253711390616505,375,0.242198209011575,"CD4/8 Naive/Stemlike",0.855855855855856,111
"376",-0.852650388480543,10.7710886824463,3.12364881012853,0.106107477786726,0.174683489631422,376,0.165914890381904,"Mucosal-associated Invariant T Cells",0.586206896551724,58
"377",0.559194251718282,10.9749539283732,1.47995503201386,0.250939030882764,0.362467489052881,377,0.34987756026888,"Natural Killer T Cells",0.61764705882353,68
